para_id,sent_id,sentence,label
P002000,P002000_S000,The strategy behind the formation of the Warsaw Pact was driven by the desire of the Soviet Union to dominate Central and Eastern Europe.,1
P002000,P002000_S001,This policy was driven by ideological and geostrategic reasons.,0
P002000,P002000_S002,"Ideologically, the Soviet Union arrogated the right to define socialism and communism and act as the leader of the global socialist movement.",0
P002000,P002000_S003,"A corollary to this idea was the necessity of intervention if a country appeared to be violating core socialist ideas and Communist Party functions, which was explicitly stated in the Brezhnev Doctrine.",0
P002000,P002000_S004,Geostrategic principles also drove the Soviet Union to prevent invasion of its territory by Western European powers.,0
P002001,P002001_S000,"Before creation of Warsaw Pact, fearing Germany rearmed, Czechoslovak leadership sought to create security pact with East Germany and Poland.",1
P002001,P002001_S001,These states protested strongly against re-militarization of West Germany.,0
P002001,P002001_S002,The Warsaw Pact was primarily put in place as a consequence of the rearming of West Germany inside NATO.,0
P002001,P002001_S003,"Soviet leaders, as many European countries in both western and eastern side, feared Germany being once again a military power as a direct threat and German militarism remained a fresh memory among Soviets and Eastern Europeans.",0
P002001,P002001_S004,"As Soviet Union had already bilateral treaties with all of its eastern satellites, the Pact has been long considered 'superfluous', and because of the rushed way in which it was conceived, NATO officials labeled it as a 'cardboard castle'.",0
P002001,P002001_S005,"Previously, in March 1954, the USSR, fearing the restoration of German Militarism in West Germany, requested admission to NATO.",0
P002002,P002002_S000,The Soviet request to join NATO arose in the aftermath of the Berlin Conference of January–February 1954.,1
P002002,P002002_S001,"Soviet foreign minister Molotov made proposals to have Germany reunified and elections for a pan-German government, under conditions of withdrawal of the four powers armies and German neutrality, but all were refused by the other foreign ministers, Dulles (USA), Eden (UK) and Bidault (France).",1
P002002,P002002_S002,"Proposals for the reunification of Germany were nothing new: earlier on 20 March 1952, talks about a German reunification, initiated by the socalled 'Stalin Note', ended after the United Kingdom, France, and the United States insisted that a unified Germany should not be neutral and should be free to join the European Defence Community and rearm.",1
P002002,P002002_S003,"James Dunn (USA), who met in Paris with Eden, Adenauer and Robert Schuman (France), affirmed that ""the object should be to avoid discussion with the Russians and to press on the European Defense Community"".",0
P002002,P002002_S004,"According to John Gaddis ""there was little inclination in Western capitals to explore this offer"" from USSR.",0
P002002,P002002_S005,"While historian Rolf Steininger asserts that Adenauer's conviction that “neutralization means sovietization” was the main factor in the rejection of the soviet proposals, Adenauer also feared that unification might have resulted in the end of the CDU's dominance in the Bundestag.",0
P002003,P002003_S000,"One month later, the proposed European Treaty was rejected not only by supporters of the EDC but also by western opponents of the European Defense Community (like French Gaullist leader Palewski) who perceived it as ""unacceptable in its present form because it excludes the USA from participation in the collective security system in Europe"".",1
P002003,P002003_S001,"The Soviets then decided to make a new proposal to the governments of the USA, UK and France stating to accept the participation of the USA in the proposed General European Agreement.",1
P002003,P002003_S002,"And considering that another argument deployed against the Soviet proposal was that it was perceived by western powers as ""directed against the North Atlantic Pact and its liquidation"", the Soviets decided to declare their ""readiness to examine jointly with other interested parties the question of the participation of the USSR in the North Atlantic bloc"", specifying that ""the admittance of the USA into the General European Agreement should not be conditional on the three western powers agreeing to the USSR joining the North Atlantic Pact"".",1
P002004,P002004_S000,"Again all proposals, including the request to join NATO, were rejected by UK, US, and French governments shortly after.",1
P002004,P002004_S001,"Emblematic was the position of British General Hastings Ismay, supporter of NATO expansion, who said that NATO ""must grow until the whole free world gets under one umbrella.""",1
P002004,P002004_S002,"He opposed the request to join NATO made by the USSR in 1954 saying that ""the Soviet request to join NATO is like an unrepentant burglar requesting to join the police force"".",1
P002005,P002005_S000,"In April 1954 Adenauer made his first visit to the USA meeting Nixon, Eisenhower and Dulles.",1
P002005,P002005_S001,Ratification of EDC was delaying but the US representatives made it clear to Adenauer that EDC would have to become a part of NATO.,1
P002006,P002006_S000,"Memories of the Nazi occupation were still strong, and the rearmament of Germany was feared by France too.",1
P002006,P002006_S001,"On 30 August 1954 French Parliament rejected the EDC, thus ensuring its failure and blocking a major objective of US policy towards Europe: to associate Germany militarily with the West.",1
P002006,P002006_S002,"The US Department of State started to elaborate alternatives: Germany would be invited to join NATO or, in the case of French obstructionism, strategies to circumvent a French veto would be implemented in order to obtain a German rearmament outside NATO.",1
P002007,P002007_S000,"On 23 October 1954 – only nine years after Allies (UK, USA and USSR) defeated Nazi Germany ending World War II in Europe – the admission of the Federal Republic of Germany to the North Atlantic Pact was finally decided.",1
P002007,P002007_S001,"The incorporation of West Germany into the organization on 9 May 1955 was described as ""a decisive turning point in the history of our continent"" by Halvard Lange, Foreign Affairs Minister of Norway at the time.",1
P002007,P002007_S002,"In November 1954, the USSR requested a new European Security Treaty, in order to make a final attempt to not have a remilitarized West Germany potentially opposed to the Soviet Union, with no success.",1
P002008,P002008_S000,"On 14 May 1955, the USSR and other seven European countries ""reaffirming their desire for the establishment of a system of European collective security based on the participation of all European states irrespective of their social and political systems"" established the Warsaw Pact in response to the integration of the Federal Republic of Germany into NATO, declaring that: ""a remilitarized Western Germany and the integration of the latter in the North-Atlantic bloc [...] increase the danger of another war and constitutes a threat to the national security of the peaceable states; [...] in these circumstances the peaceable European states must take the necessary measures to safeguard their security"".",1
P002009,P002009_S000,"One of the founding members, East Germany was allowed to re-arm by the Soviet Union and the National People's Army was established as the armed forces of the country to counter the rearmament of West Germany.",1
P002010,P002010_S000,The eight member countries of the Warsaw Pact pledged the mutual defense of any member who would be attacked.,1
P002010,P002010_S001,"Relations among the treaty signatories were based upon mutual non-intervention in the internal affairs of the member countries, respect for national sovereignty, and political independence.",1
P002010,P002010_S002,"However, almost all governments of those member states were indirectly controlled by the Soviet Union.",0
P002011,P002011_S000,In July 1963 the Mongolian People's Republic asked to join the Warsaw Pact under Article 9 of the treaty.,1
P002011,P002011_S001,For this purpose a special protocol should have been taken since the text of the treaty applied only to Europe.,1
P002011,P002011_S002,"Due to the emerging Sino-Soviet split, Mongolia remained on observer status.",1
P002011,P002011_S003,Soviet stationing troops were agreed to stay in Mongolia from 1966.,0
P002012,P002012_S000,"For 36 years, NATO and the Warsaw Pact never directly waged war against each other in Europe; the United States and the Soviet Union and their respective allies implemented strategic policies aimed at the containment of each other in Europe, while working and fighting for influence within the wider Cold War on the international stage.",1
P002013,P002013_S000,"In 1956, following the declaration of the Imre Nagy government of withdrawal of Hungary from the Warsaw Pact, Soviet troops entered the country and removed the government.",1
P002013,P002013_S001,"Soviet forces crushed the nationwide revolt, leading to the death of an estimated 2,500 Hungarian citizens.",1
P002014,P002014_S000,The multi-national Communist armed forces' sole joint action was the Warsaw Pact invasion of Czechoslovakia in August 1968.,1
P002014,P002014_S001,"All member countries, with the exception of the Socialist Republic of Romania and the People's Republic of Albania participated in the invasion.",1
P002015,P002015_S000,"On 25 February 1991, the Warsaw Pact was declared disbanded at a meeting of defense and foreign ministers from remaining Pact countries meeting in Hungary.",1
P002015,P002015_S001,"On 1 July 1991, in Prague, the Czechoslovak President Václav Havel formally ended the 1955 Warsaw Treaty Organization of Friendship, Cooperation, and Mutual Assistance and so disestablished the Warsaw Treaty after 36 years of military alliance with the USSR.",1
P002015,P002015_S002,"In fact, the treaty was de facto disbanded in December 1989 during the violent revolution in Romania, which toppled the communist government, without military intervention form other member states.",1
P002015,P002015_S003,The USSR disestablished itself in December 1991.,0
P002016,P002016_S000,"On 12 March 1999, the Czech Republic, Hungary, and Poland joined NATO; Bulgaria, Estonia, Latvia, Lithuania, Romania, and Slovakia joined in March 2004; Albania joined on 1 April 2009.",1
P002017,P002017_S000,"In November 2005, the Polish government opened its Warsaw Treaty archives to the Institute of National Remembrance, who published some 1,300 declassified documents in January 2006.",1
P002017,P002017_S001,"Yet the Polish government reserved publication of 100 documents, pending their military declassification.",0
P002017,P002017_S002,"Eventually, 30 of the reserved 100 documents were published; 70 remained secret, and unpublished.",0
P002017,P002017_S003,"Among the documents published is the Warsaw Treaty's nuclear war plan, Seven Days to the River Rhine – a short, swift counter-attack capturing Austria, Denmark, Germany and Netherlands east of River Rhine, using nuclear weapons, in self-defense, after a NATO first strike.",1
P002017,P002017_S004,"The plan originated as a 1979 field training exercise war game, and metamorphosed into official Warsaw Treaty battle doctrine, until the late 1980s – which is why the People's Republic of Poland was a nuclear weapons base, first, to 178, then, to 250 tactical-range rockets.",0
P002017,P002017_S005,"Doctrinally, as a Soviet-style (offensive) battle plan, Seven Days to the River Rhine gave commanders few defensive-war strategies for fighting NATO in Warsaw Treaty territory.",1
P002017,P002017_S006,[citation needed],0
P002018,P002018_S000,"Consequently, Molotov, fearing that EDC would be directed in the future against the USSR therefore ""seeking to prevent the formation of groups of European States directed against other European States"", made a proposal for a General European Treaty on Collective Security in Europe ""open to all European States without regard as to their social systems"" which would have included the unified Germany (thus making the EDC – perceived by the USSR as a threat – unusable).",1
P002018,P002018_S001,"But Eden, Dulles and Bidault opposed the proposal.",0
P002019,P002019_S000,"Materialism is a form of philosophical monism which holds that matter is the fundamental substance in nature, and that all phenomena, including mental phenomena and consciousness, are identical with material interactions.",1
P002020,P002020_S000,"Materialism is closely related to physicalism, the view that all that exists is ultimately physical.",0
P002020,P002020_S001,"Philosophical physicalism has evolved from materialism with the discoveries of the physical sciences to incorporate more sophisticated notions of physicality than mere ordinary matter, such as: spacetime, physical energies and forces, dark matter, and so on.",1
P002020,P002020_S002,"Thus the term ""physicalism"" is preferred over ""materialism"" by some, while others use the terms as if they are synonymous.",1
P002021,P002021_S000,Materialism belongs to the class of monist ontology.,1
P002021,P002021_S001,"As such, it is different from ontological theories based on dualism or pluralism.",1
P002021,P002021_S002,"For singular explanations of the phenomenal reality, materialism would be in contrast to idealism, neutral monism, and spiritualism.",0
P002022,P002022_S000,"Despite the large number of philosophical schools and subtle nuances between many, all philosophies are said to fall into one of two primary categories, which are defined in contrast to each other: Idealism, and materialism.",1
P002022,P002022_S001,"[a] The basic proposition of these two categories pertains to the nature of reality, and the primary distinction between them is the way they answer two fundamental questions: ""what does reality consist of?""",1
P002022,P002022_S002,"and ""how does it originate?""",0
P002022,P002022_S003,"To idealists, spirit or mind or the objects of mind (ideas) are primary, and matter secondary.",0
P002022,P002022_S004,"To materialists, matter is primary, and mind or spirit or ideas are secondary, the product of matter acting upon matter.",0
P002023,P002023_S000,"The materialist view is perhaps best understood in its opposition to the doctrines of immaterial substance applied to the mind historically, famously by René Descartes.",1
P002023,P002023_S001,"However, by itself materialism says nothing about how material substance should be characterized.",0
P002023,P002023_S002,"In practice, it is frequently assimilated to one variety of physicalism or another.",0
P002024,P002024_S000,"During the 19th century, Karl Marx and Friedrich Engels extended the concept of materialism to elaborate a materialist conception of history centered on the roughly empirical world of human activity (practice, including labor) and the institutions created, reproduced, or destroyed by that activity (see materialist conception of history).",1
P002024,P002024_S001,Later Marxists developed the notion of dialectical materialism which characterized later Marxist philosophy and method.,0
P002025,P002025_S000,"Materialism developed, possibly independently, in several geographically separated regions of Eurasia during what Karl Jaspers termed the Axial Age (approximately 800 to 200 BC).",1
P002026,P002026_S000,"In Ancient Indian philosophy, materialism developed around 600 BC with the works of Ajita Kesakambali, Payasi, Kanada, and the proponents of the Cārvāka school of philosophy.",1
P002026,P002026_S001,Kanada became one of the early proponents of atomism.,0
P002026,P002026_S002,"The Nyaya–Vaisesika school (600 BC - 100 BC) developed one of the earliest forms of atomism, though their proofs of God and their positing that the consciousness was not material precludes labelling them as materialists.",1
P002026,P002026_S003,Buddhist atomism and the Jaina school continued the atomic tradition.,0
P002027,P002027_S000,"Materialism is often associated with reductionism, according to which the objects or phenomena individuated at one level of description, if they are genuine, must be explicable in terms of the objects or phenomena at some other level of description — typically, at a more reduced level.",1
P002027,P002027_S001,"Non-reductive materialism explicitly rejects this notion, however, taking the material constitution of all particulars to be consistent with the existence of real objects, properties, or phenomena not explicable in the terms canonically used for the basic material constituents.",1
P002027,P002027_S002,"Jerry Fodor influentially argues this view, according to which empirical laws and explanations in ""special sciences"" like psychology or geology are invisible from the perspective of basic physics.",1
P002027,P002027_S003,A lot of vigorous literature has grown up around the relation between these views.,0
P002028,P002028_S000,"Ancient Greek philosophers like Thales, Anaxagoras (ca.",1
P002028,P002028_S001,"500 BC – 428 BC), Epicurus and Democritus prefigure later materialists.",0
P002028,P002028_S002,The Latin poem De Rerum Natura by Lucretius (ca.,1
P002028,P002028_S003,99 BC – ca.,0
P002028,P002028_S004,55 BC) reflects the mechanistic philosophy of Democritus and Epicurus.,0
P002028,P002028_S005,"According to this view, all that exists is matter and void, and all phenomena result from different motions and conglomerations of base material particles called ""atoms"" (literally: ""indivisibles"").",0
P002028,P002028_S006,"De Rerum Natura provides mechanistic explanations for phenomena such as erosion, evaporation, wind, and sound.",0
P002028,P002028_S007,"Famous principles like ""nothing can touch body but body"" first appeared in the works of Lucretius.",0
P002028,P002028_S008,Democritus and Epicurus however did not hold to a monist ontology since they held to the ontological separation of matter and space i.e.,0
P002028,P002028_S009,"space being ""another kind"" of being, indicating that the definition of ""materialism"" is wider than given scope for in this article.",0
P002029,P002029_S000,"Later Indian materialist Jayaraashi Bhatta (6th century) in his work Tattvopaplavasimha (""The upsetting of all principles"") refuted the Nyaya Sutra epistemology.",1
P002029,P002029_S001,The materialistic Cārvāka philosophy appears to have died out some time after 1400.,0
P002029,P002029_S002,"When Madhavacharya compiled Sarva-darśana-samgraha (a digest of all philosophies) in the 14th century, he had no Cārvāka/Lokāyata text to quote from, or even refer to.",1
P002030,P002030_S000,"In early 12th-century al-Andalus, the Arabian philosopher, Ibn Tufail (Abubacer), wrote discussions on materialism in his philosophical novel, Hayy ibn Yaqdhan (Philosophus Autodidactus), while vaguely foreshadowing the idea of a historical materialism.",1
P002031,P002031_S000,The French cleric Pierre Gassendi (1592-1665) represented the materialist tradition in opposition to the attempts of René Descartes (1596-1650) to provide the natural sciences with dualist foundations.,1
P002031,P002031_S001,"There followed the materialist and atheist abbé Jean Meslier (1664-1729), Julien Offray de La Mettrie, the German-French Paul-Henri Thiry Baron d'Holbach (1723-1789), the Encyclopedist Denis Diderot (1713-1784), and other French Enlightenment thinkers; as well as (in England) John ""Walking"" Stewart (1747-1822), whose insistence in seeing matter as endowed with a moral dimension had a major impact on the philosophical poetry of William Wordsworth (1770-1850).",1
P002032,P002032_S000,"Arthur Schopenhauer (1788-1860) wrote that ""...materialism is the philosophy of the subject who forgets to take account of himself"".",1
P002032,P002032_S001,He claimed that an observing subject can only know material objects through the mediation of the brain and its particular organization.,0
P002032,P002032_S002,"That is, the brain itself is the ""determiner"" of how material objects will be experienced or perceived:",0
P002033,P002033_S000,"The German materialist and atheist anthropologist Ludwig Feuerbach would signal a new turn in materialism through his book, The Essence of Christianity (1841), which provided a humanist account of religion as the outward projection of man's inward nature.",1
P002033,P002033_S001,Feuerbach's materialism would later heavily influence Karl Marx.,0
P002034,P002034_S000,"Many current and recent philosophers—e.g., Daniel Dennett, Willard Van Orman Quine, Donald Davidson, and Jerry Fodor—operate within a broadly physicalist or materialist framework, producing rival accounts of how best to accommodate mind, including functionalism, anomalous monism, identity theory, and so on.",1
P002035,P002035_S000,The nature and definition of matter - like other key concepts in science and philosophy - have occasioned much debate.,0
P002035,P002035_S001,"Is there a single kind of matter (hyle) which everything is made of, or multiple kinds?",0
P002035,P002035_S002,"Is matter a continuous substance capable of expressing multiple forms (hylomorphism), or a number of discrete, unchanging constituents (atomism)?",0
P002035,P002035_S003,"Does it have intrinsic properties (substance theory), or is it lacking them (prima materia)?",0
P002036,P002036_S000,"One challenge to the traditional concept of matter as tangible ""stuff"" came with the rise of field physics in the 19th century.",1
P002036,P002036_S001,Relativity shows that matter and energy (including the spatially distributed energy of fields) are interchangeable.,0
P002036,P002036_S002,This enables the ontological view that energy is prima materia and matter is one of its forms.,0
P002036,P002036_S003,"On the other hand, the Standard Model of Particle physics uses quantum field theory to describe all interactions.",1
P002036,P002036_S004,On this view it could be said that fields are prima materia and the energy is a property of the field.,0
P002037,P002037_S000,"According to the dominant cosmological model, the Lambda-CDM model, less than 5% of the universe's energy density is made up of the ""matter"" described by the Standard Model of Particle Physics, and the majority of the universe is composed of dark matter and dark energy - with little agreement amongst scientists about what these are made of.",1
P002038,P002038_S000,"With the advent of quantum physics, some scientists believed the concept of matter had merely changed, while others believed the conventional position could no longer be maintained.",1
P002038,P002038_S001,"For instance Werner Heisenberg said ""The ontology of materialism rested upon the illusion that the kind of existence, the direct 'actuality' of the world around us, can be extrapolated into the atomic range.",1
P002038,P002038_S002,"This extrapolation, however, is impossible... atoms are not things.""",0
P002038,P002038_S003,"Likewise, some philosophers[which?]",0
P002038,P002038_S004,feel that these dichotomies necessitate a switch from materialism to physicalism.,0
P002038,P002038_S005,"Others use the terms ""materialism"" and ""physicalism"" interchangeably.",0
P002039,P002039_S000,"Some modern day physicists and science writers—such as Paul Davies and John Gribbin—have argued that materialism has been disproven by certain scientific findings in physics, such as quantum mechanics and chaos theory.",1
P002039,P002039_S001,"In 1991, Gribbin and Davies released their book The Matter Myth, the first chapter of which, ""The Death of Materialism"", contained the following passage:",1
P002040,P002040_S000,Davies' and Gribbin's objections are shared by proponents of digital physics who view information rather than matter to be fundamental.,1
P002040,P002040_S001,"Their objections were also shared by some founders of quantum theory, such as Max Planck, who wrote:",1
P002041,P002041_S000,"According to the Catholic Encyclopedia of 1907-1912, materialism, defined as ""a philosophical system which regards matter as the only reality in the world [...] denies the existence of God and the soul"".",1
P002041,P002041_S001,"Materialism, in this view, therefore becomes incompatible with most world religions, including Christianity, Judaism, and Islam.",0
P002041,P002041_S002,In such a context one can conflate materialism with atheism.,0
P002041,P002041_S003,"Most of Hinduism and transcendentalism regards all matter as an illusion called Maya, blinding humans from knowing ""the truth"".",0
P002041,P002041_S004,"Maya is the limited, purely physical and mental reality in which our everyday consciousness has become entangled.",0
P002041,P002041_S005,Maya gets destroyed for a person when s/he perceives Brahman with transcendental knowledge.,0
P002042,P002042_S000,"In contrast, Joseph Smith, the founder of the Latter Day Saint movement, taught: ""There is no such thing as immaterial matter.",1
P002042,P002042_S001,"All spirit is matter, but it is more fine or pure, and can only be discerned by purer eyes; We cannot see it; but when our bodies are purified we shall see that it is all matter.""",0
P002042,P002042_S002,This spirit element has always existed; it is co-eternal with God.,0
P002042,P002042_S003,"It is also called ""intelligence"" or ""the light of truth"", which like all observable matter ""was not created or made, neither indeed can be"".",0
P002042,P002042_S004,"Members of the Church of Jesus Christ of Latter-day Saints view the revelations of Joseph Smith as a restoration of original Christian doctrine, which they believe post-apostolic theologians began to corrupt in the centuries after Christ.",1
P002042,P002042_S005,"The writings of many[quantify] of these theologians indicate a clear influence of Greek metaphysical philosophies such as Neoplatonism, which characterized divinity as an utterly simple, immaterial, formless, substance/essence (ousia) that transcended all that was physical.",0
P002042,P002042_S006,"Despite strong opposition from many Christians, this metaphysical depiction of God eventually became incorporated into the doctrine of the Christian church, displacing the original Judeo-Christian concept of a physical, corporeal God who created humans in His image and likeness.",0
P002043,P002043_S000,"An argument for idealism, such as those of Hegel and Berkeley, is ipso facto an argument against materialism.",1
P002043,P002043_S001,"Matter can be argued to be redundant, as in bundle theory, and mind-independent properties can in turn be reduced to subjective percepts.",0
P002043,P002043_S002,"Berkeley presents an example of the latter by pointing out that it is impossible to gather direct evidence of matter, as there is no direct experience of matter; all that is experienced is perception, whether internal or external.",0
P002043,P002043_S003,"As such, the existence of matter can only be assumed from the apparent (perceived) stability of perceptions; it finds absolutely no evidence in direct experience.",0
P002044,P002044_S000,"If matter and energy are seen as necessary to explain the physical world, but incapable of explaining mind, dualism results.",1
P002044,P002044_S001,"Emergence, holism, and process philosophy seek to ameliorate the perceived shortcomings of traditional (especially mechanistic) materialism without abandoning materialism entirely.",0
P002045,P002045_S000,"Some critics object to materialism as part of an overly skeptical, narrow or reductivist approach to theorizing, rather than to the ontological claim that matter is the only substance.",1
P002045,P002045_S001,Particle physicist and Anglican theologian John Polkinghorne objects to what he calls promissory materialism — claims that materialistic science will eventually succeed in explaining phenomena it has not so far been able to explain.,0
P002045,P002045_S002,"Polkinghorne prefers ""dual-aspect monism"" to faith in materialism.",0
P002046,P002046_S000,"Modern philosophical materialists extend the definition of other scientifically observable entities such as energy, forces, and the curvature of space.",1
P002046,P002046_S001,"However philosophers such as Mary Midgley suggest that the concept of ""matter"" is elusive and poorly defined.",1
P002047,P002047_S000,"Materialism typically contrasts with dualism, phenomenalism, idealism, vitalism, and dual-aspect monism.",1
P002047,P002047_S001,"Its materiality can, in some ways, be linked to the concept of Determinism, as espoused by Enlightenment thinkers.",1
P002048,P002048_S000,"Scientific ""Materialism"" is often synonymous with, and has so far been described, as being a reductive materialism.",0
P002048,P002048_S001,"In recent years, Paul and Patricia Churchland have advocated a radically contrasting position (at least, in regards to certain hypotheses); eliminativist materialism holds that some mental phenomena simply do not exist at all, and that talk of those mental phenomena reflects a totally spurious ""folk psychology"" and introspection illusion.",1
P002048,P002048_S002,"That is, an eliminative materialist might suggest that a concept like ""belief"" simply has no basis in fact - the way folk science speaks of demon-caused illnesses.",0
P002048,P002048_S003,"Reductive materialism being at one end of a continuum (our theories will reduce to facts) and eliminative materialism on the other (certain theories will need to be eliminated in light of new facts), Revisionary materialism is somewhere in the middle.",1
P002049,P002049_S000,"Some scientific materialists have been criticized, for example by Noam Chomsky, for failing to provide clear definitions for what constitutes matter, leaving the term ""materialism"" without any definite meaning.",1
P002049,P002049_S001,"Chomsky also states that since the concept of matter may be affected by new scientific discoveries, as has happened in the past, scientific materialists are being dogmatic in assuming the opposite.",1
P002050,P002050_S000,The concept of matter has changed in response to new scientific discoveries.,1
P002050,P002050_S001,Thus materialism has no definite content independent of the particular theory of matter on which it is based.,0
P002050,P002050_S002,"According to Noam Chomsky, any property can be considered material, if one defines matter such that it has that property.",0
P002051,P002051_S000,"Kant argued against all three forms of materialism, subjective idealism (which he contrasts with his ""transcendental idealism"") and dualism.",1
P002051,P002051_S001,"However, Kant also argues that change and time require an enduring substrate, and does so in connection with his Refutation of Idealism.",0
P002051,P002051_S002,Postmodern/poststructuralist thinkers also express a skepticism about any all-encompassing metaphysical scheme.,0
P002051,P002051_S003,"Philosopher Mary Midgley, among others, argues that materialism is a self-refuting idea, at least in its eliminative form.",0
P002052,P002052_S000,"A Christian ( pronunciation (help·info)) is a person who adheres to Christianity, an Abrahamic, monotheistic religion based on the life and teachings of Jesus Christ.",1
P002052,P002052_S001,"""Christian"" derives from the Koine Greek word Christós (Χριστός), a translation of the Biblical Hebrew term mashiach.",1
P002053,P002053_S000,There are diverse interpretations of Christianity which sometimes conflict.,0
P002053,P002053_S001,"However, ""Whatever else they might disagree about, Christians are at least united in believing that Jesus has a unique significance.""",0
P002053,P002053_S002,"The term ""Christian"" is also used adjectivally to describe anything associated with Christianity, or in a proverbial sense ""all that is noble, and good, and Christ-like.""",0
P002053,P002053_S003,"It is also used as a label to identify people who associate with the cultural aspects of Christianity, irrespective of personal religious beliefs or practices.",0
P002054,P002054_S000,"According to a 2011 Pew Research Center survey, there were 2.2 billion Christians around the world in 2010, up from about 600 million in 1910.",1
P002054,P002054_S001,"By 2050, the Christian population is expected to exceed 3 billion.",0
P002054,P002054_S002,"According to a 2012 Pew Research Center survey Christianity will remain the world's largest religion in 2050, if current trends continue.",1
P002055,P002055_S000,"Today, about 37% of all Christians live in the Americas, and about 26% live in Europe, 24% of total Christians live in sub-Saharan Africa, about 13% in Asia and the Pacific, and 1% of the world's Christians live in the Middle east and North Africa.",1
P002055,P002055_S001,"About half of all Christians worldwide are Catholic, while more than a third are Protestant (37%).",0
P002055,P002055_S002,Orthodox communions comprise 12% of the world's Christians.,0
P002055,P002055_S003,Other Christian groups make up the remainder.,0
P002055,P002055_S004,Christians make up the majority of the population in 158 countries and territories.,0
P002055,P002055_S005,280 million Christian live as a minority.,0
P002056,P002056_S000,"The Greek word Χριστιανός (Christianos), meaning ""follower of Christ"", comes from Χριστός (Christos), meaning ""anointed one"", with an adjectival ending borrowed from Latin to denote adhering to, or even belonging to, as in slave ownership.",1
P002056,P002056_S001,"In the Greek Septuagint, christos was used to translate the Hebrew מָשִׁיחַ (Mašíaḥ, messiah), meaning ""[one who is] anointed.""",1
P002056,P002056_S002,"In other European languages, equivalent words to Christian are likewise derived from the Greek, such as Chrétien in French and Cristiano in Spanish.",1
P002057,P002057_S000,"The first recorded use of the term (or its cognates in other languages) is in the New Testament, in Acts 11:26, after Barnabas brought Saul (Paul) to Antioch where they taught the disciples for about a year, the text says: ""[...] the disciples were called Christians first in Antioch.""",1
P002057,P002057_S001,"The second mention of the term follows in Acts 26:28, where Herod Agrippa II replied to Paul the Apostle, ""Then Agrippa said unto Paul, Almost thou persuadest me to be a Christian.""",1
P002057,P002057_S002,"The third and final New Testament reference to the term is in 1 Peter 4:16, which exhorts believers: ""Yet if [any man suffer] as a Christian, let him not be ashamed; but let him glorify God on this behalf.""",1
P002058,P002058_S000,Kenneth Samuel Wuest holds that all three original New Testament verses' usages reflect a derisive element in the term Christian to refer to followers of Christ who did not acknowledge the emperor of Rome.,1
P002058,P002058_S001,"The city of Antioch, where someone gave them the name Christians, had a reputation for coming up with such nicknames.",1
P002058,P002058_S002,"However Peter's apparent endorsement of the term led to its being preferred over ""Nazarenes"" and the term Christianoi from 1 Peter becomes the standard term in the Early Church Fathers from Ignatius and Polycarp onwards.",1
P002059,P002059_S000,"The earliest occurrences of the term in non-Christian literature include Josephus, referring to ""the tribe of Christians, so named from him;"" Pliny the Younger in correspondence with Trajan; and Tacitus, writing near the end of the 1st century.",1
P002059,P002059_S001,"In the Annals he relates that ""by vulgar appellation [they were] commonly called Christians"" and identifies Christians as Nero's scapegoats for the Great Fire of Rome.",1
P002060,P002060_S000,"Another term for Christians which appears in the New Testament is ""Nazarenes"" which is used by the Jewish lawyer Tertullus in Acts 24.",1
P002060,P002060_S001,"Tertullian (Against Marcion 4:8) records that ""the Jews call us Nazarenes,"" while around 331 AD Eusebius records that Christ was called a Nazoraean from the name Nazareth, and that in earlier centuries ""Christians,"" were once called ""Nazarenes.""",1
P002060,P002060_S002,"The Hebrew equivalent of ""Nazarenes"", Notzrim, occurs in the Babylonian Talmud, and is still the modern Israeli Hebrew term for Christian.",1
P002061,P002061_S000,A wide range of beliefs and practices is found across the world among those who call themselves Christian.,0
P002061,P002061_S001,"Denominations and sects disagree on a common definition of ""Christianity"".",0
P002061,P002061_S002,"For example, Timothy Beal notes the disparity of beliefs among those who identify as Christians in the United States as follows:",1
P002062,P002062_S000,"Linda Woodhead attempts to provide a common belief thread for Christians by noting that ""Whatever else they might disagree about, Christians are at least united in believing that Jesus has a unique significance.""",1
P002062,P002062_S001,"Philosopher Michael Martin, in his book The Case Against Christianity, evaluated three historical Christian creeds (the Apostles' Creed, the Nicene Creed and the Athanasian Creed) to establish a set of basic assumptions which include belief in theism, the historicity of Jesus, the Incarnation, salvation through faith in Jesus, and Jesus as an ethical role model.",1
P002063,P002063_S000,The identification of Jesus as the Messiah is not accepted by Judaism.,1
P002063,P002063_S001,"The term for a Christian in Hebrew is נוּצְרי (Notzri—""Nazarene""), a Talmudic term originally derived from the fact that Jesus came from the Galilean village of Nazareth, today in northern Israel.",1
P002063,P002063_S002,"Adherents of Messianic Judaism are referred to in modern Hebrew as יְהוּדִים מָשִׁיחַיים (Yehudim Meshihi'im—""Messianic Jews"").",1
P002064,P002064_S000,"In Arabic-speaking cultures, two words are commonly used for Christians: Naṣrānī (نصراني), plural Naṣārā (نصارى) is generally understood to be derived from Nazareth through the Syriac (Aramaic); Masīḥī (مسيحي) means followers of the Messiah.",1
P002064,P002064_S001,"The term Nasara rose to prominence in July 2014, after the Fall of Mosul to the terrorist organization Islamic State of Iraq and the Levant.",1
P002064,P002064_S002,The nun or ن— the first letter of Nasara—was spray-painted on the property of Christians ejected from the city.,0
P002065,P002065_S000,"Where there is a distinction, Nasrani refers to people from a Christian culture and Masihi means those with a religious faith in Jesus.",1
P002065,P002065_S001,"In some countries Nasrani tends to be used generically for non-Muslim Western foreigners, e.g.",1
P002065,P002065_S002,"""blond people.""",0
P002066,P002066_S000,"Another Arabic word sometimes used for Christians, particularly in a political context, is Ṣalībī (صليبي ""Crusader"") from ṣalīb (صليب ""cross"") which refers to Crusaders and has negative connotations.",1
P002066,P002066_S001,"However, Salibi is a modern term; historically, Muslim writers described European Christian Crusaders as al-Faranj or Alfranj (الفرنج) and Firinjīyah (الفرنجيّة) in Arabic"" This word comes from the Franks and can be seen in the Arab history text Al-Kamil fi al-Tarikh by Ali ibn al-Athir.",1
P002067,P002067_S000,"The most common Persian word is Masīhī (مسیحی), from Arabic.,Other words are Nasrānī (نصرانی), from Syriac for ""Nazarene"", and Tarsā (ترسا), from Middle Persian word Tarsāg, also meaning ""Christian"", derived from tars, meaning ""fear, respect"".",1
P002068,P002068_S000,"The Syriac term Nasrani (Nazarene) has also been attached to the Saint Thomas Christians of Kerala, India.",1
P002068,P002068_S001,"In the Indian subcontinent, Christians call themselves Isaai (Hindi: ईसाई, Urdu: عیسائی‎), and are also known by this term to adherents of other religions.",1
P002068,P002068_S002,"This is related to the name they call Jesus, 'Isa Masih, and literally means 'the followers of 'Isa'.",0
P002069,P002069_S000,"In the past, the Malays used to call the Portuguese Serani from the Arabic Nasrani, but the term now refers to the modern Kristang creoles of Malaysia.",1
P002070,P002070_S000,"The Chinese word is 基督徒 (pinyin: jīdū tú), literally ""Christ follower.""",1
P002070,P002070_S001,"The two characters now pronounced Jīdū in Mandarin Chinese, were originally pronounced Ki-To in Cantonese as representation of Latin ""Cristo"".",1
P002070,P002070_S002,"[citation needed] In Vietnam, the same two characters read Cơ đốc, and a ""follower of Christianity"" is a tín đồ Cơ đốc giáo.",1
P002071,P002071_S000,"In Japan, the term kirishitan (written in Edo period documents 吉利支丹, 切支丹, and in modern Japanese histories as キリシタン), from Portuguese cristão, referred to Roman Catholics in the 16th and 17th centuries before the religion was banned by the Tokugawa shogunate.",1
P002071,P002071_S001,"Today, Christians are referred to in Standard Japanese as キリスト教徒, Kirisuto-kyōto or the English-derived term クリスチャン kurisuchan.",1
P002072,P002072_S000,"Korean still uses 기독교도, Kidok-kyo-do for ""Christian"", though the Greek form Kurisudo 그리스도 has now replaced the old Sino-Korean Kidok, which refers to Christ himself.",1
P002073,P002073_S000,"The region of modern Eastern Europe and Central Eurasia (Russia, Ukraine and other countries of the ex-USSR) have a long history of Christianity and Christian communities on its lands.",1
P002073,P002073_S001,"In ancient times, in the first centuries after the birth of Christ, when this region was called[by whom?]",0
P002073,P002073_S002,Scythia - Christians already lived there.,0
P002073,P002073_S003,"Later the region saw the first states to adopt Christianity officially - initially in Armenia (301 AD) and in Georgia (337 AD), later in the Great Russian Principality (Kyivan Rus, Russian: Великое княжество Русское, ca 988 AD).",1
P002073,P002073_S004,"People of that time used to denote themselves Christians (христиане, крестьяне) and Russians (русские).",0
P002073,P002073_S005,Both terms had strong Christian connotations.,0
P002073,P002073_S006,"[citation needed] It is also interesting that in time the term ""крестьяне"" acquired the meaning ""peasants of Christian faith"" and later ""peasants"" (the main part of the population of the region), while the term ""христиане"" retained its religious meaning and the term ""русские"" began to mean representatives of the heterogeneous Russian nation formed on the basis of common Christian faith and language,[citation needed] which strongly influenced the history and development of the region.",0
P002073,P002073_S007,"In the region the ""Pravoslav faith"" (православная вера - Orthodox faith) or ""Russian faith"" (русская вера) from earliest times became almost as known as the original ""Christian faith"" (христианская, крестьянская вера).",1
P002073,P002073_S008,"Also in some contexts the term ""cossack"" (козак, казак - free man by the will of God) was used[by whom?]",0
P002073,P002073_S009,"to denote ""free"" Christians of steppe origin and Russian language.",0
P002074,P002074_S000,"As of the early 21st century, Christianity has approximately 2.4 billion adherents.",1
P002074,P002074_S001,The faith represents about a third of the world's population and is the largest religion in the world.,1
P002074,P002074_S002,Christians have composed about 33 percent of the world's population for around 100 years.,0
P002074,P002074_S003,"The largest Christian denomination is the Roman Catholic Church, with 1.17 billion adherents, representing half of all Christians.",1
P002075,P002075_S000,"Christianity remains the dominant religion in the Western World, where 70% are Christians.",1
P002075,P002075_S001,"A 2011 Pew Research Center survey found that 76.2% of Europeans, 73.3% in Oceania, and about 86.0% in the Americas (90% in Latin America and 77.4% in North America) described themselves as Christians.",1
P002076,P002076_S000,"According to 2012 Pew Research Center survey if current trends continue, Christianity will remains the world's largest religion by year 2050.",1
P002076,P002076_S001,"By 2050, the Christian population is expected to exceed 3 billion.",0
P002076,P002076_S002,While Muslims have an average of 3.1 children per woman—the highest rate of all religious groups.,0
P002076,P002076_S003,"Christians are second, with 2.7 children per woman.",0
P002076,P002076_S004,High birth rates and conversion were cited as the reason for the Christian population growths.,0
P002076,P002076_S005,A 2015 study found that approximately 10.2 million Muslim converted to Christianity.,0
P002076,P002076_S006,"Christianity is growing in Africa, Asia, Latin America, Muslim world, and Oceania.",0
P002077,P002077_S000,"According to Scientific Elite: Nobel Laureates in the United State by Harriet Zuckerman, a review of American Nobel prizes awarded between 1901 and 1972, 72% of American Nobel Prize laureates identified a Protestant background.",1
P002077,P002077_S001,"Overall, Protestants have won a total of 84.2% of all the Nobel Prizes in Chemistry, 60% in Medicine, and 58.6% in Physics awarded to Americans between 1901 and 1972.",1
P002078,P002078_S000,"Christians have made a myriad contributions in a broad and diverse range of fields, including the sciences, arts, politics, literatures and business.",1
P002078,P002078_S001,"According to 100 Years of Nobel Prizes, a review of Nobel prizes awarded between 1901 and 2000 reveals that (65.4%) of Nobel Prizes laureates identified Christianity in its various forms as their religious preference.",1
P002079,P002079_S000,"Christians have made a myriad contributions in a broad and diverse range of fields, including the sciences, arts, politics, literatures and business.",1
P002079,P002079_S001,"According to 100 Years of Nobel Prizes, a review of Nobel prizes awarded between 1901 and 2000 reveals that (65.4%) of Nobel Prizes laureates identified Christianity in its various forms as their religious preference.",1
P002080,P002080_S000,"Sony Music Entertainment Inc. (sometimes known as Sony Music or by the initials, SME) is an American music corporation managed and operated by Sony Corporation of America (SCA), a subsidiary of Japanese conglomerate Sony Corporation.",1
P002080,P002080_S001,"In 1929, the enterprise was first founded as American Record Corporation (ARC) and, in 1938, was renamed Columbia Recording Corporation, following ARC's acquisition by CBS.",1
P002080,P002080_S002,"In 1966, the company was reorganized to become CBS Records.",0
P002080,P002080_S003,"In 1987, Sony Corporation of Japan bought the company, and in 1991, renamed it SME.",0
P002080,P002080_S004,"It is the world's second largest recorded music company, after Universal Music Group.",0
P002081,P002081_S000,"In 2004, SME and Bertelsmann Music Group merged as Sony BMG Music Entertainment.",1
P002081,P002081_S001,"When Sony acquired BMG's half of the conglomerate in 2008, Sony BMG reverted to the SME name.",1
P002081,P002081_S002,"The buyout led to the dissolution of BMG, which then relaunched as BMG Rights Management.",0
P002081,P002081_S003,"Out of the ""Big Three"" record companies, with Universal Music Group being the largest and Warner Music Group, SME is middle-sized.",1
P002082,P002082_S000,"In 1929, ARC was founded through a merger of several smaller record companies, which, ultimately, transformed into one enterprise known as SME.",1
P002082,P002082_S001,"In the depths of the Great Depression, the Columbia Phonograph Company (founded in 1888) in the U.S. (including its Okeh Records subsidiary) was acquired by ARC in 1934.",1
P002083,P002083_S000,"ARC was acquired in 1938 by the Columbia Broadcasting System (CBS, which, in turn, had been formed by the Columbia Phonograph Company, but then sold off).",1
P002083,P002083_S001,ARC was renamed Columbia Recording Corporation.,0
P002083,P002083_S002,"The Columbia Phonograph Company had international subsidiaries and affiliates such as the Columbia Graphophone Company in the United Kingdom, but they were sold off prior to CBS acquiring American Columbia.",1
P002083,P002083_S003,RCA Victor Records executive Ted Wallerstein convinced CBS head William S. Paley to buy ARC and Paley made Wallerstein head of the newly acquired record company.,1
P002083,P002083_S004,The renamed company made Columbia its flagship label with Okeh its subsidiary label while deemphasizing ARC's other labels.,0
P002083,P002083_S005,This allowed ARC's leased labels Brunswick Records and Vocalion Records to revert to former owner Warner Bros. which sold the labels to Decca Records.,0
P002083,P002083_S006,Columbia kept the Brunswick catalogue recorded from December 1931 onward which was reissued on the Columbia label as well as the Vocalion label material from the same time period which was reissued on the Okeh label.,0
P002083,P002083_S007,"Wallerstein, who was promoted at the end of 1947 from president to chairman of the record company, restored Columbia's status as a leading record company and spearheaded the successful introduction of the long playing (LP) record before he retired as Columbia's chairman in 1951.",0
P002083,P002083_S008,James Conkling then became head of Columbia Records.,0
P002083,P002083_S009,"Also in 1951, Columbia severed its ties with the EMI-owned record label of the same name and began a UK distribution deal with Philips Records, whereas Okeh Records continued to be distributed by EMI on the Columbia label.",0
P002084,P002084_S000,Columbia founded Epic Records in 1953.,1
P002084,P002084_S001,"In 1956, Conkling left Columbia, he would help establish the National Academy of Recording Arts and Sciences before eventually becoming the first president of the newly launched Warner Bros. Records, and Goddard Lieberson began the first of two stints as head of the record company.",1
P002084,P002084_S002,"In 1958, Columbia founded another label, Date Records, which initially issued rockabilly music.",0
P002085,P002085_S000,"In 1960, Columbia/CBS began negotiations with its main international distributor Philips Records with the goal of CBS starting its own global record company.",1
P002085,P002085_S001,Philips' acquisition of Mercury Records in the US in 1961 paved the way for this.,1
P002085,P002085_S002,"CBS only had the rights to the Columbia name in North America; therefore the international arm founded in 1961 and launched in 1962 utilized the ""CBS Records"" name only, with Philips Records distributing the label in Europe.",1
P002085,P002085_S003,"CBS's Mexican record company, Discos Columbia, was renamed Discos CBS by 1963.",0
P002086,P002086_S000,"By 1962, their Columbia Record Productions unit was operating four plants around the United States located in Los Angeles; Terre Haute, Indiana; Bridgeport, Connecticut; and Pitman, New Jersey, which manufactured records for not only Columbia's own labels, but also for independent record labels.",1
P002087,P002087_S000,"In 1964, CBS established its own UK distribution with the acquisition of Oriole Records.",1
P002087,P002087_S001,EMI continued to distribute Epic and Okeh label material on the Columbia label in the UK until the distribution deal with EMI expired in 1968 when CBS took over distribution.,1
P002088,P002088_S000,"With the record company a global operation in 1965, the Columbia Broadcasting System upper management started pondering changing the name of their record company subsidiary from Columbia Records to CBS Records.",1
P002089,P002089_S000,"Also in late 1965, the Date subsidiary label was revived.",0
P002089,P002089_S001,This label released the first string of hits for Peaches & Herb and scored a few minor hits from various other artists.,1
P002089,P002089_S002,"Date's biggest success was ""Time of the Season"" by the Zombies, peaking at #2 in 1969.",1
P002089,P002089_S003,The label was discontinued in 1970.,0
P002090,P002090_S000,"In 1966, CBS reorganized its corporate structure with Leiberson promoted to head the new ""CBS-Columbia Group"" which made the now renamed CBS Records company a separate unit of this new group run by Clive Davis.",1
P002091,P002091_S000,"In March 1968, CBS and Sony formed CBS/Sony Records, a Japanese business joint venture.",1
P002091,P002091_S001,"With Sony being one of the developers behind the compact disc digital music media, a compact disc production plant was constructed in Japan under the joint venture, allowing CBS to begin supplying some of the first compact disc releases for the American market in 1983.",1
P002092,P002092_S000,"The CBS Records Group was led very successfully by Clive Davis until his dismissal in 1972, after it was discovered that Davis has used CBS funds to finance his personal life, including an expensive bar mitzvah party for his son.",1
P002092,P002092_S001,"He was replaced first by former head Goddard Lieberson, then in 1975 by the colourful and controversial lawyer Walter Yetnikoff, who led the company until 1990.",1
P002093,P002093_S000,"In February 2016, over a hundred thousand people signed a petition in just twenty-four hours, calling for a boycott of Sony Music and all other Sony-affiliated businesses after rape allegations against music producer Dr. Luke were made by musical artist Kesha.",1
P002093,P002093_S001,"Kesha asked a New York City Supreme Court to free her from her contract with Sony Music but the court denied the request, prompting widespread public and media response.",1
P002094,P002094_S000,"Over the past two years,[clarification needed] dozens of rights-holders, including Sony Music, have sent complaints about Wikipedia.org directly to Google to have content removed.",1
P002095,P002095_S000,"In July 2013, Sony Music withdrew from the Greek market due to an economic crisis.",1
P002095,P002095_S001,Albums released by Sony Music in Greece from domestic and foreign artists are carried by Feelgood Records.,1
P002096,P002096_S000,"In March 2012, Sony Music reportedly closed its Philippines office due to piracy, causing to move distribution of SME in the Philippines to Ivory Music.",1
P002097,P002097_S000,"Doug Morris, who was head of Warner Music Group, then Universal Music, became chairman and CEO of the company on July 1, 2011.",1
P002097,P002097_S001,Sony Music underwent a restructuring after Morris' arrival.,0
P002097,P002097_S002,"He was joined by L.A. Reid, who became the chairman and CEO of Epic Records.",0
P002097,P002097_S003,"Under Reid, multiple artists from the Jive half of the former RCA/Jive Label Group moved to Epic.",0
P002097,P002097_S004,Peter Edge became the new CEO of the RCA Records unit.,1
P002097,P002097_S005,"The RCA Music Group closed down Arista, J Records and Jive Records in October 2011, with the artists from those labels being moved to RCA Records.",1
P002098,P002098_S000,"In the 1980s to early 1990s, there was a CBS imprint label in the US known as CBS Associated Records.",1
P002098,P002098_S001,"Tony Martell, veteran CBS and Epic Records A&R Vice President was head of this label and signed artists including Ozzy Osbourne, the Fabulous Thunderbirds, Electric Light Orchestra, Joan Jett, and Henry Lee Summer.",1
P002098,P002098_S002,This label was a part of (Epic/Portrait/Associated) wing of sub labels at CBS which shared the same national and regional staff as the rest of Epic Records and was a part of the full CBS Records worldwide distribution system.,1
P002099,P002099_S000,"In 1986, CBS sold its music publishing arm, CBS Songs, to Stephen Swid, Martin Bandier, and Charles Koppelman for $125 million making it the foundation of their SBK Entertainment.",1
P002100,P002100_S000,"By 1987, CBS was the only ""big three"" American TV network to have a co-owned record company.",1
P002100,P002100_S001,"ABC had sold its record division to MCA Records in 1979, and in 1986, NBC's parent company RCA was sold to General Electric, who then sold off all other RCA units, including the record division (which was bought by Ariola Records, later known as BMG).",1
P002101,P002101_S000,"On November 17, 1987, SCA acquired CBS Records, which hosted such acts as Michael Jackson, for US$2 billion.",1
P002101,P002101_S001,"CBS Inc., now CBS Corporation, retained the rights to the CBS name for music recordings but granted Sony a temporary license to use the CBS name.",1
P002101,P002101_S002,"CBS Corporation founded a new CBS Records in 2006, which is distributed by Sony through its RED subsidiary.",1
P002102,P002102_S000,"In 1989, CBS Records re-entered the music publishing business by acquiring Nashville music publisher Tree International Publishing for more than $30 million.",1
P002103,P002103_S000,"RCA/Jive Label Group CEO Barry Weiss left the company in March 2011 to become the new CEO of Island Def Jam and Universal Republic, which were both part of Universal Music Group.",1
P002103,P002103_S001,Weiss had been the RCA/Jive Label Group CEO since 2008 and was head of Jive Records since 1991.,1
P002104,P002104_S000,"On October 11, 2011, Doug Morris announced that Mel Lewinter had been named Executive Vice President of Label Strategy.",1
P002104,P002104_S001,Lewinter previously served as chairman and CEO of Universal Motown Republic Group.,1
P002104,P002104_S002,"In January 2012, Dennis Kooker was named President of Global Digital Business and US Sales.",1
P002105,P002105_S000,"In August 2004, Sony entered joint venture with equal partner Bertelsmann, by merging Sony Music and Bertelsmann Music Group, Germany, to establish Sony BMG Music Entertainment.",1
P002105,P002105_S001,However Sony continued to operate its Japanese music business independently from Sony BMG while BMG Japan was made part of the merger.,1
P002106,P002106_S000,"On August 5, 2008, SCA and Bertelsmann announced that Sony had agreed to acquire Bertelsmann's 50% stake in Sony BMG.",1
P002106,P002106_S001,"Sony completed its acquisition of Bertelsmann's 50% stake in the companies' joint venture on October 1, 2008.",0
P002106,P002106_S002,"The company, once again named Sony Music Entertainment Inc., became a wholly owned subsidiary of Sony Corporation through its US subsidiary SCA.",1
P002106,P002106_S003,"The last few albums to feature a Sony BMG logo were Thriller 25 by Michael Jackson, I Am... Sasha Fierce by Beyoncé, Keeps Gettin' Better: A Decade of Hits by Christina Aguilera, and Safe Trip Home by Dido.",1
P002106,P002106_S004,"A temporary logo was unveiled beginning December 1, 2008.",0
P002106,P002106_S005,The present logo was unveiled in March 2009.,0
P002107,P002107_S000,"On July 1, 2009, SME and IODA announced their global strategic partnership to leverage combined worldwide online retail distribution networks and complementary technologies to support independent labels and music rightsholders.",1
P002108,P002108_S000,"In March 2010, Sony Corp has partnered with The Michael Jackson Company with a contract of more than $250 million, the largest deal in recorded music history.",1
P002109,P002109_S000,"The merger made Columbia and Epic sister labels to RCA Records, which was once owned by RCA which also owned CBS rival NBC.",1
P002109,P002109_S001,"It also started the process of bringing BMG's Arista Records back under common ownership with its former parent Columbia Pictures, a Sony division since 1989, and also brought Arista founder Clive Davis back into the fold.",1
P002109,P002109_S002,Davis is still with Sony Music as Chief Creative Officer.,1
P002110,P002110_S000,"In 1995, Sony and Michael Jackson formed a joint venture which merged Sony's music publishing operations with Jackson's ATV Music to form Sony/ATV Music Publishing.",1
P002111,P002111_S000,"Sony renamed the record company Sony Music Entertainment (SME) on January 1, 1991, fulfilling the terms set under the 1988 buyout, which granted only a transitional license to the CBS trademark.",1
P002111,P002111_S001,The CBS Associated label was renamed Epic Associated.,0
P002111,P002111_S002,"Also on January 1, 1991, to replace the CBS label, Sony reintroduced the Columbia label worldwide, which it previously held in the United States and Canada only, after it acquired the international rights to the trademark from EMI in 1990.",1
P002111,P002111_S003,"Japan is the only country where Sony does not have rights to the Columbia name as it is controlled by Nippon Columbia, an unrelated company.",0
P002111,P002111_S004,"Thus, until this day, Sony Music Entertainment Japan does not use the Columbia trademark for Columbia label recordings from outside Japan which are issued in Japan.",0
P002111,P002111_S005,"The Columbia Records trademark's rightsholder in Spain was Bertelsmann Music Group, Germany, which Sony Music subsequently subsumed via a 2004 merger, followed by a 2008 buyout.",1
P002112,P002112_S000,"In 1970, CBS Records revived the Embassy Records imprint in UK and Europe, which had been defunct since CBS had taken control of Embassy's parent company, Oriole, in 1964.",1
P002112,P002112_S001,The purpose of the revived Embassy imprint was to release budget reissues of albums that had originally been released in the United States on Columbia Records (or its subsidiaries).,1
P002112,P002112_S002,"Many albums, by artists as diverse as Andy Williams, Johnny Cash, Barbra Streisand, the Byrds, Tammy Wynette, Laura Nyro and Sly & the Family Stone were issued on Embassy, before the label was once again discontinued in 1980.",1
P002113,P002113_S000,"In 2011–2012, Sony Music Inc. expressed support for SOPA and PIPA.",1
P002113,P002113_S001,The Stop Online Piracy Act and Protect IP Act stirred up controversy within the entertainment industry since their introduction in the United States Congress.,1
P002113,P002113_S002,[citation needed],0
P002114,P002114_S000,"In May 2012, Sony Music filed charges against the website IsoHunt.",1
P002114,P002114_S001,"The plaintifs claims in the court document filed at the supreme court of British Columbia: ""The IsoHunt Websites have been designed and are operated by the defendants with the sole purpose of profiting from rampant copyright infringement which defendants actively encourage, promote, authorize, induce, aid, abet, materially contribute to and commercially profit from.""",1
P002115,P002115_S000,Oklahoma City is the capital and largest city of the state of Oklahoma.,0
P002115,P002115_S001,"The county seat of Oklahoma County, the city ranks 27th among United States cities in population.",1
P002115,P002115_S002,"The population grew following the 2010 Census, with the population estimated to have increased to 620,602 as of July 2014.",0
P002115,P002115_S003,"As of 2014, the Oklahoma City metropolitan area had a population of 1,322,429, and the Oklahoma City-Shawnee Combined Statistical Area had a population of 1,459,758 (Chamber of Commerce) residents, making it Oklahoma's largest metropolitan area.",1
P002115,P002115_S004,"Oklahoma City's city limits extend into Canadian, Cleveland, and Pottawatomie counties, though much of those areas outside of the core Oklahoma County area are suburban or rural (watershed).",0
P002115,P002115_S005,The city ranks as the eighth-largest city in the United States by land area (including consolidated city-counties; it is the largest city in the United States by land area whose government is not consolidated with that of a county or borough).,0
P002116,P002116_S000,"Oklahoma City, lying in the Great Plains region, features one of the largest livestock markets in the world.",1
P002116,P002116_S001,"Oil, natural gas, petroleum products and related industries are the largest sector of the local economy.",0
P002116,P002116_S002,The city is situated in the middle of an active oil field and oil derricks dot the capitol grounds.,1
P002116,P002116_S003,"The federal government employs large numbers of workers at Tinker Air Force Base and the United States Department of Transportation's Mike Monroney Aeronautical Center (these two sites house several offices of the Federal Aviation Administration and the Transportation Department's Enterprise Service Center, respectively).",1
P002117,P002117_S000,Oklahoma City is on the I-35 Corridor and is one of the primary travel corridors into neighboring Texas and Mexico.,1
P002117,P002117_S001,"Located in the Frontier Country region of the state, the city's northeast section lies in an ecological region known as the Cross Timbers.",1
P002117,P002117_S002,"The city was founded during the Land Run of 1889, and grew to a population of over 10,000 within hours of its founding.",1
P002117,P002117_S003,"The city was the scene of the April 19, 1995 bombing of the Alfred P. Murrah Federal Building, in which 168 people died.",0
P002117,P002117_S004,"It was the deadliest terror attack in the history of the United States until the attacks of September 11, 2001, and remains the deadliest act of domestic terrorism in U.S. history.",0
P002118,P002118_S000,"Oklahoma City was settled on April 22, 1889, when the area known as the ""Unassigned Lands"" was opened for settlement in an event known as ""The Land Run"".",1
P002118,P002118_S001,"Some 10,000 homesteaders settled the area that would become the capital of Oklahoma.",1
P002118,P002118_S002,The town grew quickly; the population doubled between 1890 and 1900.,0
P002118,P002118_S003,"Early leaders of the development of the city included Anton Classen, John Shartel, Henry Overholser and James W. Maney.",1
P002119,P002119_S000,"By the time Oklahoma was admitted to the Union in 1907, Oklahoma City had surpassed Guthrie, the territorial capital, as the population center and commercial hub of the new state.",1
P002119,P002119_S001,"Soon after, the capital was moved from Guthrie to Oklahoma City.",0
P002119,P002119_S002,"Oklahoma City was a major stop on Route 66 during the early part of the 20th century; it was prominently mentioned in Bobby Troup's 1946 jazz classic, ""(Get Your Kicks on) Route 66"", later made famous by artist Nat King Cole.",1
P002120,P002120_S000,"Before World War II, Oklahoma City developed major stockyards, attracting jobs and revenue formerly in Chicago and Omaha, Nebraska.",1
P002120,P002120_S001,"With the 1928 discovery of oil within the city limits (including under the State Capitol), Oklahoma City became a major center of oil production.",1
P002120,P002120_S002,"Post-war growth accompanied the construction of the Interstate Highway System, which made Oklahoma City a major interchange as the convergence of I-35, I-40 and I-44.",1
P002120,P002120_S003,It was also aided by federal development of Tinker Air Force Base.,0
P002121,P002121_S000,"Patience Latting was elected Mayor of Oklahoma City in 1971, becoming the city's first female mayor.",1
P002121,P002121_S001,"Latting was also the first woman to serve as mayor of a U.S. city with over 350,000 residents.",1
P002122,P002122_S000,"In 1993, the city passed a massive redevelopment package known as the Metropolitan Area Projects (MAPS), intended to rebuild the city's core with civic projects to establish more activities and life to downtown.",1
P002122,P002122_S001,"The city added a new baseball park; central library; renovations to the civic center, convention center and fairgrounds; and a water canal in the Bricktown entertainment district.",0
P002122,P002122_S002,"Water taxis transport passengers within the district, adding color and activity along the canal.",0
P002122,P002122_S003,"MAPS has become one of the most successful public-private partnerships undertaken in the U.S., exceeding $3 billion in private investment as of 2010.",0
P002122,P002122_S004,"As a result of MAPS, the population living in downtown housing has exponentially increased, together with demand for additional residential and retail amenities, such as grocery, services, and shops.",0
P002123,P002123_S000,"Since the MAPS projects' completion, the downtown area has seen continued development.",1
P002123,P002123_S001,Several downtown buildings are undergoing renovation/restoration.,0
P002123,P002123_S002,Notable among these was the restoration of the Skirvin Hotel in 2007.,1
P002123,P002123_S003,The famed First National Center is being renovated.,0
P002124,P002124_S000,"Residents of Oklahoma City suffered substantial losses on April 19, 1995 when Timothy McVeigh detonated a bomb in front of the Murrah building.",1
P002124,P002124_S001,"The building was destroyed (the remnants of which had to be imploded in a controlled demolition later that year), more than 100 nearby buildings suffered severe damage, and 168 people were killed.",0
P002124,P002124_S002,The site has been commemorated as the Oklahoma City National Memorial and Museum.,1
P002124,P002124_S003,"Since its opening in 2000, over three million people have visited.",0
P002124,P002124_S004,"Every year on April 19, survivors, families and friends return to the memorial to read the names of each person lost.",1
P002125,P002125_S000,"The ""Core-to-Shore"" project was created to relocate I-40 one mile (1.6 km) south and replace it with a boulevard to create a landscaped entrance to the city.",1
P002125,P002125_S001,This also allows the central portion of the city to expand south and connect with the shore of the Oklahoma River.,1
P002125,P002125_S002,"Several elements of ""Core to Shore"" were included in the MAPS 3 proposal approved by voters in late 2009.",1
P002126,P002126_S000,"According to the United States Census Bureau, the city has a total area of 620.34 square miles (1,606.7 km2), of which, 601.11 square miles (1,556.9 km2) of it is land and 19.23 square miles (49.8 km2) of it is water.",1
P002126,P002126_S001,The total area is 3.09 percent water.,0
P002127,P002127_S000,"Oklahoma City lies in the Sandstone Hills region of Oklahoma, known for hills of 250 to 400 feet (120 m) and two species of oak: blackjack oak (Quercus marilandica) and post oak (Q. stellata).",1
P002127,P002127_S001,The northeastern part of the city and its eastern suburbs fall into an ecological region known as the Cross Timbers.,1
P002128,P002128_S000,The city is roughly bisected by the North Canadian River (recently renamed the Oklahoma River inside city limits).,1
P002128,P002128_S001,"The North Canadian once had sufficient flow to flood every year, wreaking destruction on surrounding areas, including the central business district and the original Oklahoma City Zoo.",0
P002128,P002128_S002,"In the 1940s, a dam was built on the river to manage the flood control and reduced its level.",0
P002128,P002128_S003,"In the 1990s, as part of the citywide revitalization project known as MAPS, the city built a series of low-water dams, returning water to the portion of the river flowing near downtown.",1
P002128,P002128_S004,"The city has three large lakes: Lake Hefner and Lake Overholser, in the northwestern quarter of the city; and the largest, Lake Stanley Draper, in the sparsely populated far southeast portion of the city.",1
P002129,P002129_S000,The population density normally reported for Oklahoma City using the area of its city limits can be a bit misleading.,0
P002129,P002129_S001,"Its urbanized zone covers roughly 244 sq mi (630 km2) resulting in a density of 2,500 per square mile (2013 est), compared with larger rural watershed areas incorporated by the city, which cover the remaining 377 sq mi (980 km2) of the city limits.",1
P002130,P002130_S000,"The city is bisected geographically and culturally by the North Canadian River, which basically divides North Oklahoma City and South Oklahoma City.",1
P002130,P002130_S001,"The two halves of the city were actually founded and plotted as separate cities, but soon grew together.",0
P002130,P002130_S002,The north side is characterized by very diverse and fashionable urban neighborhoods near the city center and sprawling suburbs further north.,0
P002130,P002130_S003,"South Oklahoma City is generally more blue collar working class and significantly more industrial, having grown up around the Stockyards and meat packing plants at the turn of the century, and is currently the center of the city's rapidly growing Latino community.",1
P002131,P002131_S000,"Downtown Oklahoma City, which has 7,600 residents, is currently seeing an influx of new private investment and large scale public works projects, which have helped to resuscitate a central business district left almost deserted by the Oil Bust of the early 1980s.",1
P002131,P002131_S001,"The centerpiece of downtown is the newly renovated Crystal Bridge and Myriad Botanical Gardens, one of the few elements of the Pei Plan to be completed.",1
P002131,P002131_S002,"In the next few years a massive new central park will link the gardens near the CBD and the new convention center to be built just south of it to the North Canadian River, as part of a massive works project known as Core to Shore; the new park is part of MAPS3, a collection of civic projects funded by a 1-cent temporary (seven-year) sales tax increase.",1
P002132,P002132_S000,"Oklahoma City has a humid subtropical climate (Köppen: Cfa), with frequent variations in weather daily and seasonally, except during the consistently hot and humid summer months.",1
P002132,P002132_S001,Prolonged and severe droughts (sometimes leading to wildfires in the vicinity) as well as very heavy rainfall leading to flash flooding and flooding occur with some regularity.,0
P002132,P002132_S002,"Consistent winds, usually from the south or south-southeast during the summer, help temper the hotter weather.",0
P002132,P002132_S003,Consistent northerly winds during the winter can intensify cold periods.,0
P002132,P002132_S004,Severe ice storms and snowstorms happen sporadically during the winter.,0
P002133,P002133_S000,"The average temperature is 61.4 °F (16.3 °C), with the monthly daily average ranging from 39.2 °F (4.0 °C) in January to 83.0 °F (28.3 °C) in July.",1
P002133,P002133_S001,"Extremes range from −17 °F (−27 °C) on February 12, 1899 to 113 °F (45 °C) on August 11, 1936 and August 3, 2012; the last sub-zero (°F) reading was −5 °F (−21 °C) on February 10, 2011.",1
P002133,P002133_S002,"Temperatures reach 100 °F (38 °C) on 10.4 days of the year, 90 °F (32 °C) on nearly 70 days, and fail to rise above freezing on 8.3 days.",1
P002133,P002133_S003,"The city receives about 35.9 inches (91.2 cm) of precipitation annually, of which 8.6 inches (21.8 cm) is snow.",0
P002134,P002134_S000,"Oklahoma City has a very active severe weather season from March through June, especially during April and May.",1
P002134,P002134_S001,"Being in the center of what is colloquially referred to as Tornado Alley, it is prone to especially frequent and severe tornadoes, as well as very severe hailstorms and occasional derechoes.",0
P002134,P002134_S002,"Tornadoes have occurred in every month of the year and a secondary smaller peak also occurs during autumn, especially October.",0
P002134,P002134_S003,"The Oklahoma City metropolitan area is one of the most tornado-prone major cities in the world, with about 150 tornadoes striking within the city limits since 1890.",0
P002134,P002134_S004,"Since the time weather records have been kept, Oklahoma City has been struck by thirteen violent tornadoes, eleven F/EF4s and two F/EF5.",0
P002134,P002134_S005,"On May 3, 1999 parts of southern Oklahoma City and nearby suburban communities suffered from one of the most powerful tornadoes on record, an F5 on the Fujita scale, with wind speeds estimated by radar at 318 mph (510 km/h).",1
P002134,P002134_S006,"On May 20, 2013, far southwest Oklahoma City, along with Newcastle and Moore, was hit again by a EF5 tornado; it was 0.5 to 1.3 miles (0.80 to 2.09 km) wide and killed 23 people.",0
P002134,P002134_S007,"Less than two weeks later, on May 31, another outbreak affected the Oklahoma City area, including an EF1 and an EF0 within the city and a tornado several miles west of the city that was 2.6 miles (4.2 km) in width, the widest tornado ever recorded.",0
P002135,P002135_S000,"With 19.48 inches of rainfall, May 2015 was by far Oklahoma City's record-wettest month since record keeping began in 1890.",1
P002135,P002135_S001,"Across Oklahoma and Texas generally, there was record flooding in the latter part of the month",1
P002136,P002136_S000,"As of the 2010 census, there were 579,999 people, 230,233 households, and 144,120 families residing in the city.",1
P002136,P002136_S001,The population density was 956.4 inhabitants per square mile (321.9/km²).,1
P002136,P002136_S002,"There were 256,930 housing units at an average density of 375.9 per square mile (145.1/km²).",1
P002137,P002137_S000,"There were 230,233 households, 29.4% of which had children under the age of 18 living with them, 43.4% were married couples living together, 13.9% had a female householder with no husband present, and 37.4% were non-families.",1
P002137,P002137_S001,One person households account for 30.5% of all households and 8.7% of all households had someone living alone who is 65 years of age or older.,1
P002137,P002137_S002,The average household size was 2.47 and the average family size was 3.11.,0
P002138,P002138_S000,"In the 2000 Census Oklahoma City's age composition was 25.5% under the age of 18, 10.7% from 18 to 24, 30.8% from 25 to 44, 21.5% from 45 to 64, and 11.5% who were 65 years of age or older.",1
P002138,P002138_S001,The median age was 34 years.,0
P002138,P002138_S002,For every 100 females there were 95.6 males.,0
P002138,P002138_S003,"For every 100 females age 18 and over, there were 92.7 males.",0
P002139,P002139_S000,Oklahoma City has experienced significant population increases since the late 1990s.,0
P002139,P002139_S001,"In May 2014, the U.S. Census announced Oklahoma City had an estimated population of 620,602 in 2014 and that it had grown 5.3 percent between April 2010 and June 2013.",1
P002139,P002139_S002,"Since the official Census in 2000, Oklahoma City had grown 21 percent (a 114,470 raw increase) according to the Bureau estimates.",1
P002139,P002139_S003,"The 2014 estimate of 620,602 is the largest population Oklahoma City has ever recorded.",0
P002139,P002139_S004,"It is the first city in the state to record a population greater than 600,000 residents and the largest municipal population of the Great Plains region (OK, KS, NE, SD, ND).",1
P002140,P002140_S000,Oklahoma City is the principal city of the eight-county Oklahoma City Metropolitan Statistical Area in Central Oklahoma and is the state's largest urbanized area.,1
P002140,P002140_S001,"Based on population rank, the metropolitan area was the 42nd largest in the nation as of 2012.",1
P002141,P002141_S000,"With regards to Mexican drug cartels, Oklahoma City has traditionally been the territory of the notorious Juárez Cartel, but the Sinaloa Cartel has been reported as trying to establish a foothold in Oklahoma City.",1
P002141,P002141_S001,"There are many rival gangs in Oklahoma City, one whose headquarters has been established in the city, the Southside Locos, traditionally known as Sureños.",1
P002142,P002142_S000,"Oklahoma City also has its share of very brutal crimes, particularly in the 1970s.",0
P002142,P002142_S001,"The worst of which occurred in 1978, when six employees of a Sirloin Stockade restaurant on the city's south side were murdered execution-style in the restaurant's freezer.",1
P002142,P002142_S002,"An intensive investigation followed, and the three individuals involved, who also killed three others in Purcell, Oklahoma, were identified.",0
P002142,P002142_S003,"One, Harold Stafford, died in a motorcycle accident in Tulsa not long after the restaurant murders.",0
P002142,P002142_S004,"Another, Verna Stafford, was sentenced to life without parole after being granted a new trial after she had previously been sentenced to death.",0
P002142,P002142_S005,"Roger Dale Stafford, considered the mastermind of the murder spree, was executed by lethal injection at the Oklahoma State Penitentiary in 1995.",1
P002143,P002143_S000,"The Oklahoma City Police Department, has a uniformed force of 1,169 officers and 300+ civilian employees.",1
P002143,P002143_S001,"The Department has a central police station and five substations covering 2,500 police reporting districts that average 1/4 square mile in size.",1
P002144,P002144_S000,"On April 19, 1995, the Alfred P. Murrah Federal Building was destroyed by a fertilizer bomb manufactured and detonated by Timothy McVeigh.",1
P002144,P002144_S001,The blast and catastrophic collapse killed 168 people and injured over 680.,0
P002144,P002144_S002,"The blast shockwave destroyed or damaged 324 buildings within a 340-meter radius, destroyed or burned 86 cars, and shattered glass in 258 nearby buildings, causing at least an estimated $652 million worth of damage.",1
P002144,P002144_S003,"The main suspect- Timothy McVeigh, was executed by lethal injection on June 11, 2001.",1
P002144,P002144_S004,"It was the deadliest single domestic terrorist attack in US history, prior to 9/11.",0
P002145,P002145_S000,"While not in Oklahoma City proper, other large employers within the MSA region include: Tinker Air Force Base (27,000); University of Oklahoma (11,900); University of Central Oklahoma (2,900); and Norman Regional Hospital (2,800).",1
P002146,P002146_S000,"According to the Oklahoma City Chamber of Commerce, the metropolitan area's economic output grew by 33 percent between 2001 and 2005 due chiefly to economic diversification.",1
P002146,P002146_S001,Its gross metropolitan product was $43.1 billion in 2005 and grew to $61.1 billion in 2009.,1
P002147,P002147_S000,"In 2008, Forbes magazine named Oklahoma City the most ""recession proof city in America"".",1
P002147,P002147_S001,"The magazine reported that the city had falling unemployment, one of the strongest housing markets in the country and solid growth in energy, agriculture and manufacturing.",0
P002147,P002147_S002,"However, during the early 1980s, Oklahoma City had one of the worst job and housing markets due to the bankruptcy of Penn Square Bank in 1982 and then the post-1985 crash in oil prices.",1
P002147,P002147_S003,[citation needed],0
P002148,P002148_S000,"Other theaters include Lyric Theatre, Jewel Box Theatre, Kirkpatrick Auditorium, the Poteet Theatre, the Oklahoma City Community College Bruce Owen Theater and the 488-seat Petree Recital Hall, at the Oklahoma City University campus.",1
P002148,P002148_S001,The university also opened the Wanda L Bass School of Music and auditorium in April 2006.,1
P002149,P002149_S000,"The Science Museum Oklahoma (formerly Kirkpatrick Science and Air Space Museum at Omniplex) houses exhibits on science, aviation, and an IMAX theater.",1
P002149,P002149_S001,The museum formerly housed the International Photography Hall of Fame (IPHF) that exhibits photographs and artifacts from a large collection of cameras and other artifacts preserving the history of photography.,1
P002149,P002149_S002,"IPHF honors those who have made significant contributions to the art and/or science of photography and relocated to St. Louis, Missouri in 2013.",0
P002150,P002150_S000,The Museum of Osteology houses more than 300 real animal skeletons.,1
P002150,P002150_S001,"Focusing on the form and function of the skeletal system, this 7,000 sq ft (650 m2) museum displays hundreds of skulls and skeletons from all corners of the world.",1
P002150,P002150_S002,"Exhibits include adaptation, locomotion, classification and diversity of the vertebrate kingdom.",0
P002150,P002150_S003,The Museum of Osteology is the only one of its kind in America.,1
P002151,P002151_S000,The National Cowboy & Western Heritage Museum has galleries of western art and is home to the Hall of Great Western Performers.,1
P002151,P002151_S001,"In contrast, the city will also be home to The American Indian Cultural Center and Museum that began construction in 2009 (although completion of the facility has been held up due to insufficient funding), on the south side of Interstate 40, southeast from Bricktown.",1
P002152,P002152_S000,"The Oklahoma City National Memorial in the northern part of Oklahoma City's downtown was created as the inscription on its eastern gate of the Memorial reads, ""to honor the victims, survivors, rescuers, and all who were changed forever on April 19, 1995""; the memorial was built on the land formerly occupied by the Alfred P. Murrah Federal Building complex prior to its 1995 bombing.",1
P002152,P002152_S001,"The outdoor Symbolic Memorial can be visited 24 hours a day for free, and the adjacent Memorial Museum, located in the former Journal Record building damaged by the bombing, can be entered for a small fee.",1
P002152,P002152_S002,"The site is also home to the National Memorial Institute for the Prevention of Terrorism, a non-partisan, nonprofit think tank devoted to the prevention of terrorism.",1
P002153,P002153_S000,The American Banjo Museum located in the Bricktown Entertainment district is dedicated to preserving and promoting the music and heritage of America's native musical instrument – the banjo.,1
P002153,P002153_S001,With a collection valued at $3.5 million it is truly a national treasure.,1
P002153,P002153_S002,"An interpretive exhibits tells the evolution of the banjo from its humble roots in American slavery, to bluegrass, to folk and world music.",1
P002154,P002154_S000,The Oklahoma History Center is the history museum of the state of Oklahoma.,1
P002154,P002154_S001,"Located across the street from the governor's mansion at 800 Nazih Zuhdi Drive in northeast Oklahoma City, the museum opened in 2005 and is operated by the Oklahoma Historical Society.",1
P002154,P002154_S002,It preserves the history of Oklahoma from the prehistoric to the present day.,1
P002155,P002155_S000,"Oklahoma City is home to several professional sports teams, including the Oklahoma City Thunder of the National Basketball Association.",1
P002155,P002155_S001,"The Thunder is the city's second ""permanent"" major professional sports franchise after the now-defunct AFL Oklahoma Wranglers and is the third major-league team to call the city home when considering the temporary hosting of the New Orleans/Oklahoma City Hornets for the 2005–06 and 2006–07 NBA seasons.",1
P002156,P002156_S000,"Other professional sports clubs in Oklahoma City include the Oklahoma City Dodgers, the Triple-A affiliate of the Los Angeles Dodgers, the Oklahoma City Energy FC of the United Soccer League, and the Crusaders of Oklahoma Rugby Football Club USA Rugby.",1
P002157,P002157_S000,"Chesapeake Energy Arena in downtown is the principal multipurpose arena in the city which hosts concerts, NHL exhibition games, and many of the city's pro sports teams.",1
P002157,P002157_S001,"In 2008, the Oklahoma City Thunder became the major tenant.",1
P002157,P002157_S002,"Located nearby in Bricktown, the Chickasaw Bricktown Ballpark is the home to the city's baseball team, the Dodgers.",1
P002157,P002157_S003,"""The Brick"", as it is locally known, is considered one of the finest minor league parks in the nation.",0
P002157,P002157_S004,[citation needed],0
P002158,P002158_S000,"Oklahoma City is the annual host of the Big 12 Baseball Tournament, the World Cup of Softball, and the annual NCAA Women's College World Series.",1
P002158,P002158_S001,The city has held the 2005 NCAA Men's Basketball First and Second round and hosted the Big 12 Men's and Women's Basketball Tournaments in 2007 and 2009.,1
P002158,P002158_S002,"The major universities in the area – University of Oklahoma, Oklahoma City University, and Oklahoma State University – often schedule major basketball games and other sporting events at Chesapeake Energy Arena and Chickasaw Bricktown Ballpark, although most home games are played at their campus stadiums.",1
P002159,P002159_S000,Other major sporting events include Thoroughbred and Quarter horse racing circuits at Remington Park and numerous horse shows and equine events that take place at the state fairgrounds each year.,1
P002159,P002159_S001,There are numerous golf courses and country clubs spread around the city.,1
P002160,P002160_S000,"The state of Oklahoma hosts a highly competitive high school football culture, with many teams in the Oklahoma City metropolitan area.",1
P002160,P002160_S001,The Oklahoma Secondary School Activities Association (OSSAA) organizes high school football into eight distinct classes based on the size of school enrollment.,1
P002160,P002160_S002,"Beginning with the largest, the classes are: 6A, 5A, 4A, 3A, 2A, A, B, and C. Class 6A is broken into two divisions.",0
P002160,P002160_S003,"Oklahoma City area schools in this division include: Edmond North, Mustang, Moore, Yukon, Edmond Memorial, Edmond Santa Fe, Norman North, Westmoore, Southmoore, Putnam City North, Norman, Putnam City, Putnam City West, U.S. Grant, Midwest City.",1
P002161,P002161_S000,"The Oklahoma City Thunder of the National Basketball Association (NBA) has called Oklahoma City home since the 2008–09 season, when owner Clayton Bennett relocated the franchise from Seattle, Washington.",1
P002161,P002161_S001,"The Thunder plays home games at the Chesapeake Energy Arena in downtown Oklahoma City, known affectionately in the national media as 'the Peake' and 'Loud City'.",1
P002161,P002161_S002,"The Thunder is known by several nicknames, including ""OKC Thunder"" and simply ""OKC"", and its mascot is Rumble the Bison.",1
P002162,P002162_S000,"After a lackluster arrival to Oklahoma City for the 2008–09 season, the Oklahoma City Thunder secured a berth (8th) in the 2010 NBA Playoffs the next year after boasting its first 50-win season, winning two games in the first round against the Los Angeles Lakers.",1
P002162,P002162_S001,"In 2012, Oklahoma City made it to the NBA Finals, but lost to the Miami Heat in five games.",1
P002162,P002162_S002,"In 2013 the Thunder reached the Western Conference semifinals without All-Star guard Russell Westbrook, who was injured in their first round series against the Houston Rockets, only to lose to the Memphis Grizzlies.",1
P002162,P002162_S003,In 2014 Oklahoma City again reached the NBA's Western Conference Finals but eventually lost to the San Antonio Spurs in six games.,0
P002163,P002163_S000,The Oklahoma City Thunder has been regarded by sports analysts as one of the elite franchises of the NBA's Western Conference and that of a media darling as the future of the league.,1
P002163,P002163_S001,Oklahoma City has earned Northwest Division titles every year since 2009 and has consistently improved its win record to 59-wins in 2014.,1
P002163,P002163_S002,"The Thunder is led by first year head coach Billy Donovan and is anchored by several NBA superstars, including perennial All-Star point guard Russell Westbrook, 2014 MVP and four-time NBA scoring champion Kevin Durant, and Defensive Player of the Year nominee and shot-blocker Serge Ibaka.",1
P002164,P002164_S000,"In the aftermath of Hurricane Katrina, the NBA's New Orleans Hornets (now the New Orleans Pelicans) temporarily relocated to the Ford Center, playing the majority of its home games there during the 2005–06 and 2006–07 seasons.",1
P002164,P002164_S001,The team became the first NBA franchise to play regular-season games in the state of Oklahoma.,0
P002164,P002164_S002,[citation needed] The team was known as the New Orleans/Oklahoma City Hornets while playing in Oklahoma City.,1
P002164,P002164_S003,The team ultimately returned to New Orleans full-time for the 2007–08 season.,0
P002164,P002164_S004,"The Hornets played their final home game in Oklahoma City during the exhibition season on October 9, 2007 against the Houston Rockets.",1
P002165,P002165_S000,"One of the more prominent landmarks downtown is the Crystal Bridge at the Myriad Botanical Gardens, a large downtown urban park.",1
P002165,P002165_S001,"Designed by I. M. Pei, the Crystal Bridge is a tropical conservatory in the area.",1
P002165,P002165_S002,"The park has an amphitheater, known as the Water Stage.",0
P002165,P002165_S003,"In 2007, following a renovation of the stage, Oklahoma Shakespeare in the Park relocated to the Myriad Gardens.",1
P002165,P002165_S004,The Myriad Gardens will undergo a massive renovation in conjunction with the recently built Devon Tower directly north of it.,0
P002166,P002166_S000,"The Oklahoma City Zoo and Botanical Garden is home to numerous natural habitats, WPA era architecture and landscaping, and hosts major touring concerts during the summer at its amphitheater.",1
P002166,P002166_S001,"Oklahoma City also has two amusement parks, Frontier City theme park and White Water Bay water park.",1
P002166,P002166_S002,Frontier City is an 'Old West'-themed amusement park.,0
P002166,P002166_S003,"The park also features a recreation of a western gunfight at the 'OK Corral' and many shops that line the ""Western"" town's main street.",0
P002166,P002166_S004,Frontier City also hosts a national concert circuit at its amphitheater during the summer.,0
P002166,P002166_S005,"Oklahoma City also has a combination racetrack and casino open year-round, Remington Park, which hosts both Quarter horse (March – June) and Thoroughbred (August – December) seasons.",0
P002167,P002167_S000,Walking trails line Lake Hefner and Lake Overholser in the northwest part of the city and downtown at the canal and the Oklahoma River.,1
P002167,P002167_S001,"The majority of the east shore area is taken up by parks and trails, including a new leashless dog park and the postwar-era Stars and Stripes Park.",1
P002167,P002167_S002,Lake Stanley Draper is the city's largest and most remote lake.,0
P002168,P002168_S000,"Oklahoma City has a major park in each quadrant of the city, going back to the first parks masterplan.",1
P002168,P002168_S001,"Will Rogers Park, Lincoln Park, Trosper Park, and Woodson Park were once connected by the Grand Boulevard loop, some sections of which no longer exist.",1
P002168,P002168_S002,Martin Park Nature Center is a natural habitat in far northwest Oklahoma City.,0
P002168,P002168_S003,"Will Rogers Park is home to the Lycan Conservatory, the Rose Garden, and Butterfly Garden, all built in the WPA era.",1
P002168,P002168_S004,"Oklahoma City is home to the American Banjo Museum, which houses a large collection of highly decorated banjos from the early 20th century and exhibits on the history of the banjo and its place in American history.",0
P002168,P002168_S005,Concerts and lectures are also held there.,0
P002169,P002169_S000,"In April 2005, the Oklahoma City Skate Park at Wiley Post Park was renamed the Mat Hoffman Action Sports Park to recognize Mat Hoffman, an Oklahoma City area resident and businessman that was instrumental in the design of the skate park and is a 10-time BMX World Vert champion.",1
P002169,P002169_S001,"In March 2009, the Mat Hoffman Action Sports Park was named by the National Geographic Society Travel Guide as one of the ""Ten Best.""",1
P002170,P002170_S000,The City of Oklahoma City has operated under a council-manager form of city government since 1927.,1
P002170,P002170_S001,"Mick Cornett serves as Mayor, having first been elected in 2004, and re-elected in 2006, 2010, and 2014.",0
P002170,P002170_S002,Eight councilpersons represent each of the eight wards of Oklahoma City.,0
P002170,P002170_S003,City Manager Jim Couch was appointed in late 2000.,1
P002170,P002170_S004,"Couch previously served as assistant city manager, Metropolitan Area Projects Plan (MAPS) director and utilities director prior to his service as city manager.",0
P002171,P002171_S000,The city is home to several colleges and universities.,0
P002171,P002171_S001,"Oklahoma City University, formerly known as Epworth University, was founded by the United Methodist Church on September 1, 1904 and is renowned for its performing arts, science, mass communications, business, law, and athletic programs.",1
P002171,P002171_S002,"OCU has its main campus in the north-central section of the city, near the city's chinatown area.",0
P002171,P002171_S003,"OCU Law is located in the Midtown district near downtown, in the old Central High School building.",1
P002172,P002172_S000,"The University of Oklahoma has several institutions of higher learning in the city and metropolitan area, with OU Medicine and the University of Oklahoma Health Sciences Center campuses located east of downtown in the Oklahoma Health Center district, and the main campus located to the south in the suburb of Norman.",1
P002172,P002172_S001,The OU Medicine hosting the state's only Level-One trauma center.,0
P002172,P002172_S002,"OU Health Sciences Center is one of the nation's largest independent medical centers, employing more than 12,000 people.",1
P002172,P002172_S003,OU is one of only four major universities in the nation to operate six medical schools.,0
P002172,P002172_S004,[clarification needed],0
P002173,P002173_S000,"The third-largest university in the state, the University of Central Oklahoma, is located just north of the city in the suburb of Edmond.",1
P002173,P002173_S001,"Oklahoma Christian University, one of the state's private liberal arts institutions, is located just south of the Edmond border, inside the Oklahoma City limits.",1
P002174,P002174_S000,Oklahoma City Community College in south Oklahoma City is the second-largest community college in the state.,1
P002174,P002174_S001,Rose State College is located east of Oklahoma City in suburban Midwest City.,1
P002174,P002174_S002,"Oklahoma State University–Oklahoma City is located in the ""Furniture District"" on the Westside.",1
P002174,P002174_S003,"Northeast of the city is Langston University, the state's historically black college (HBCU).",0
P002174,P002174_S004,Langston also has an urban campus in the eastside section of the city.,0
P002174,P002174_S005,"Southern Nazarene University, which was founded by the Church of the Nazarene, is a university located in suburban Bethany, which is surrounded by the Oklahoma City city limits.",0
P002175,P002175_S000,"Although technically not a university, the FAA's Mike Monroney Aeronautical Center has many aspects of an institution of higher learning.",1
P002175,P002175_S001,Its FAA Academy is accredited by the North Central Association of Colleges and Schools.,1
P002175,P002175_S002,Its Civil Aerospace Medical Institute (CAMI) has a medical education division responsible for aeromedical education in general as well as the education of aviation medical examiners in the U.S. and 93 other countries.,0
P002175,P002175_S003,"In addition, The National Academy of Science offers Research Associateship Programs for fellowship and other grants for CAMI research.",1
P002176,P002176_S000,"Oklahoma City is home to the state's largest school district, Oklahoma City Public Schools.",0
P002176,P002176_S001,"The district's Classen School of Advanced Studies and Harding Charter Preparatory High School rank high among public schools nationally according to a formula that looks at the number of Advanced Placement, International Baccalaureate and/or Cambridge tests taken by the school's students divided by the number of graduating seniors.",1
P002176,P002176_S002,"In addition, OKCPS's Belle Isle Enterprise Middle School was named the top middle school in the state according to the Academic Performance Index, and recently received the Blue Ribbon School Award, in 2004 and again in 2011.",1
P002176,P002176_S003,"KIPP Reach College Preparatory School in Oklahoma City received the 2012 National Blue Ribbon along with its school leader, Tracy McDaniel Sr., being awarded the Terrel H. Bell Award for Outstanding Leadership.",1
P002177,P002177_S000,"The Oklahoma School of Science and Mathematics, a school for some of the state's most gifted math and science pupils, is also located in Oklahoma City.",1
P002178,P002178_S000,"Oklahoma City has several public career and technology education schools associated with the Oklahoma Department of Career and Technology Education, the largest of which are Metro Technology Center and Francis Tuttle Technology Center.",1
P002179,P002179_S000,"Private career and technology education schools in Oklahoma City include Oklahoma Technology Institute, Platt College, Vatterott College, and Heritage College.",1
P002179,P002179_S001,The Dale Rogers Training Center in Oklahoma City is a nonprofit vocational training center for individuals with disabilities.,1
P002180,P002180_S000,The Oklahoman is Oklahoma City's major daily newspaper and is the most widely circulated in the state.,1
P002180,P002180_S001,NewsOK.com is the Oklahoman's online presence.,0
P002180,P002180_S002,"Oklahoma Gazette is Oklahoma City's independent newsweekly, featuring such staples as local commentary, feature stories, restaurant reviews and movie listings and music and entertainment.",0
P002180,P002180_S003,The Journal Record is the city's daily business newspaper and okcBIZ is a monthly publication that covers business news affecting those who live and work in Central Oklahoma.,1
P002181,P002181_S000,"There are numerous community and international newspapers locally that cater to the city's ethnic mosaic; such as The Black Chronicle, headquartered in the Eastside, the OK VIETIMES and Oklahoma Chinese Times, located in Asia District, and various Hispanic community publications.",1
P002181,P002181_S001,The Campus is the student newspaper at Oklahoma City University.,1
P002181,P002181_S002,Gay publications include The Gayly Oklahoman.,1
P002182,P002182_S000,An upscale lifestyle publication called Slice Magazine is circulated throughout the metropolitan area.,1
P002182,P002182_S001,"In addition, there is a magazine published by Back40 Design Group called The Edmond Outlook.",1
P002182,P002182_S002,"It contains local commentary and human interest pieces direct-mailed to over 50,000 Edmond residents.",0
P002183,P002183_S000,Oklahoma City was home to several pioneers in radio and television broadcasting.,0
P002183,P002183_S001,Oklahoma City's WKY Radio was the first radio station transmitting west of the Mississippi River and the third radio station in the United States.,1
P002183,P002183_S002,WKY received its federal license in 1921 and has continually broadcast under the same call letters since 1922.,0
P002183,P002183_S003,"In 1928, WKY was purchased by E.K.",0
P002183,P002183_S004,"Gaylord's Oklahoma Publishing Company and affiliated with the NBC Red Network; in 1949, WKY-TV (channel 4) went on the air and later became the first independently owned television station in the U.S. to broadcast in color.",1
P002183,P002183_S005,"In mid-2002, WKY radio was purchased outright by Citadel Broadcasting, who was bought out by Cumulus Broadcasting in 2011.",0
P002183,P002183_S006,"The Gaylord family earlier sold WKY-TV in 1976, which has gone through a succession of owners (what is now KFOR-TV is currently owned by Tribune Broadcasting as of December 2013).",0
P002184,P002184_S000,"The major U.S. broadcast television networks have affiliates in the Oklahoma City market (ranked 41st for television by Nielsen and 48th for radio by Arbitron, covering a 34-county area serving the central, northern-central and west-central sections Oklahoma); including NBC affiliate KFOR-TV (channel 4), ABC affiliate KOCO-TV (channel 5), CBS affiliate KWTV-DT (channel 9, the flagship of locally based Griffin Communications), PBS station KETA-TV (channel 13, the flagship of the state-run OETA member network), Fox affiliate KOKH-TV (channel 25), CW affiliate KOCB (channel 34), independent station KAUT-TV (channel 43), MyNetworkTV affiliate KSBI-TV (channel 52), and Ion Television owned-and-operated station KOPX-TV (channel 62).",1
P002184,P002184_S001,The market is also home to several religious stations including TBN owned-and-operated station KTBO-TV (channel 14) and Norman-based Daystar owned-and-operated station KOCM (channel 46).,1
P002185,P002185_S000,"Oklahoma City is protected by the Oklahoma City Fire Department (OKCFD), which employs 1015 paid, professional firefighters.",1
P002185,P002185_S001,"The current Chief of Department is G. Keith Bryant, the department is also commanded by three Deputy Chiefs, who – along with the department chief – oversee the Operational Services, Prevention Services, and Support Services bureaus.",1
P002185,P002185_S002,"The OKCFD currently operates out of 37 fire stations, located throughout the city in six battalions.",0
P002185,P002185_S003,"The OKCFD also operates a fire apparatus fleet of 36 engines (including 30 paramedic engines), 13 ladders, 16 brush patrol units, six water tankers, two hazardous materials units, one Technical Rescue Unit, one Air Supply Unit, six Arson Investigation Units, and one Rehabilitation Unit.",1
P002185,P002185_S004,"Each engine is staffed with a driver, an officer, and one to two firefighters, while each ladder company is staffed with a driver, an officer, and one firefighter.",0
P002185,P002185_S005,Minimum staffing per shift is 213 personnel.,0
P002185,P002185_S006,"The Oklahoma City Fire Department responds to over 70,000 emergency calls annually.",0
P002186,P002186_S000,"Oklahoma City is an integral point on the United States Interstate Network, with three major interstate highways – Interstate 35, Interstate 40, and Interstate 44 – bisecting the city.",1
P002186,P002186_S001,"Interstate 240 connects Interstate 40 and Interstate 44 in south Oklahoma City, while Interstate 235 spurs from Interstate 44 in north-central Oklahoma City into downtown.",1
P002187,P002187_S000,"Major state expressways through the city include Lake Hefner Parkway (SH-74), the Kilpatrick Turnpike, Airport Road (SH-152), and Broadway Extension (US-77) which continues from I-235 connecting Central Oklahoma City to Edmond.",1
P002187,P002187_S001,"Lake Hefner Parkway runs through northwest Oklahoma City, while Airport Road runs through southwest Oklahoma City and leads to Will Rogers World Airport.",1
P002187,P002187_S002,The Kilpatrick Turnpike loops around north and west Oklahoma City.,0
P002188,P002188_S000,Oklahoma City also has several major national and state highways within its city limits.,0
P002188,P002188_S001,Shields Boulevard (US-77) continues from E.K.,1
P002188,P002188_S002,Gaylord Boulevard in downtown Oklahoma City and runs south eventually connecting to I-35 near the suburb of Moore.,1
P002188,P002188_S003,Northwest Expressway (Oklahoma State Highway 3) runs from North Classen Boulevard in north-central Oklahoma City to the northwestern suburbs.,1
P002189,P002189_S000,"Oklahoma City is served by two primary airports, Will Rogers World Airport and the much smaller Wiley Post Airport (incidentally, the two honorees died in the same plane crash in Alaska) Will Rogers World Airport is the state's busiest commercial airport, with over 3.6 million passengers annually.",1
P002189,P002189_S001,"Tinker Air Force Base, in southeast Oklahoma City, is the largest military air depot in the nation; a major maintenance and deployment facility for the Navy and the Air Force, and the second largest military institution in the state (after Fort Sill in Lawton).",1
P002190,P002190_S000,METRO Transit is the city's public transit company.,0
P002190,P002190_S001,The main transfer terminal is located downtown at NW 5th Street and Hudson Avenue.,0
P002190,P002190_S002,"METRO Transit maintains limited coverage of the city's main street grid using a hub-and-spoke system from the main terminal, making many journeys impractical due to the rather small number of bus routes offered and that most trips require a transfer downtown.",1
P002190,P002190_S003,The city has recognized that transit as a major issue for the rapidly growing and urbanizing city and has initiated several studies in recent times to improve upon the existing bus system starting with a plan known as the Fixed Guideway Study.,0
P002190,P002190_S004,This study identified several potential commuter transit routes from the suburbs into downtown OKC as well as feeder-line bus and/or rail routes throughout the city.,0
P002191,P002191_S000,"On December 2009, Oklahoma City voters passed MAPS 3, the $777 million (7-year 1-cent tax) initiative, which will include funding (appx $130M) for an estimated 5-to-6-mile (8.0 to 9.7 km) modern streetcar in downtown Oklahoma City and the establishment of a transit hub.",1
P002191,P002191_S001,It is believed the streetcar would begin construction in 2014 and be in operation around 2017.,1
P002192,P002192_S000,Oklahoma City and the surrounding metropolitan area are home to a number of health care facilities and specialty hospitals.,1
P002192,P002192_S001,"In Oklahoma City's MidTown district near downtown resides the state's oldest and largest single site hospital, St. Anthony Hospital and Physicians Medical Center.",1
P002193,P002193_S000,"OU Medicine, an academic medical institution located on the campus of The University of Oklahoma Health Sciences Center, is home to OU Medical Center.",1
P002193,P002193_S001,"OU Medicine operates Oklahoma's only level-one trauma center at the OU Medical Center and the state's only level-one trauma center for children at Children's Hospital at OU Medicine, both of which are located in the Oklahoma Health Center district.",1
P002193,P002193_S002,"Other medical facilities operated by OU Medicine include OU Physicians and OU Children's Physicians, the OU College of Medicine, the Oklahoma Cancer Center and OU Medical Center Edmond, the latter being located in the northern suburb of Edmond.",1
P002194,P002194_S000,"INTEGRIS Health owns several hospitals, including INTEGRIS Baptist Medical Center, the INTEGRIS Cancer Institute of Oklahoma, and the INTEGRIS Southwest Medical Center.",1
P002194,P002194_S001,"INTEGRIS Health operates hospitals, rehabilitation centers, physician clinics, mental health facilities, independent living centers and home health agencies located throughout much of Oklahoma.",0
P002194,P002194_S002,INTEGRIS Baptist Medical Center was named in U.S. News & World Report's 2012 list of Best Hospitals.,1
P002194,P002194_S003,"INTEGRIS Baptist Medical Center ranks high-performing in the following categories: Cardiology and Heart Surgery; Diabetes and Endocrinology; Ear, Nose and Throat; Gastroenterology; Geriatrics; Nephrology; Orthopedics; Pulmonology and Urology.",1
P002195,P002195_S000,The Midwest Regional Medical Center located in the suburb of Midwest City; other major hospitals in the city include the Oklahoma Heart Hospital and the Mercy Health Center.,1
P002195,P002195_S001,"There are 347 physicians for every 100,000 people in the city.",1
P002196,P002196_S000,"In the American College of Sports Medicine's annual ranking of the United States' 50 most populous metropolitan areas on the basis of community health, Oklahoma City took last place in 2010, falling five places from its 2009 rank of 45.",1
P002196,P002196_S001,"The ACSM's report, published as part of its American Fitness Index program, cited, among other things, the poor diet of residents, low levels of physical fitness, higher incidences of obesity, diabetes, and cardiovascular disease than the national average, low access to recreational facilities like swimming pools and baseball diamonds, the paucity of parks and low investment by the city in their development, the high percentage of households below the poverty level, and the lack of state-mandated physical education curriculum as contributing factors.",1
P002197,P002197_S000,"A hunter-gatherer is a human living in a society in which most or all food is obtained by foraging (collecting wild plants and pursuing wild animals), in contrast to agricultural societies, which rely mainly on domesticated species.",1
P002198,P002198_S000,"Hunting and gathering was humanity's first and most successful adaptation, occupying at least 90 percent of human history.",1
P002198,P002198_S001,"Following the invention of agriculture, hunter-gatherers have been displaced or conquered by farming or pastoralist groups in most parts of the world.",1
P002199,P002199_S000,"Only a few contemporary societies are classified as hunter-gatherers, and many supplement their foraging activity with horticulture and/or keeping animals.",1
P002200,P002200_S000,"In the 1950s, Lewis Binford suggested that early humans were obtaining meat via scavenging, not hunting.",0
P002200,P002200_S001,"Early humans in the Lower Paleolithic lived in forests and woodlands, which allowed them to collect seafood, eggs, nuts, and fruits besides scavenging.",0
P002200,P002200_S002,"Rather than killing large animals for meat, according to this view, they used carcasses of such animals that had either been killed by predators or that had died of natural causes.",0
P002200,P002200_S003,Archaeological and genetic data suggest that the source populations of Paleolithic hunter-gatherers survived in sparsely wooded areas and dispersed through areas of high primary productivity while avoiding dense forest cover.,0
P002201,P002201_S000,"According to the endurance running hypothesis, long-distance running as in persistence hunting, a method still practiced by some hunter-gatherer groups in modern times, was likely the driving evolutionary force leading to the evolution of certain human characteristics.",1
P002201,P002201_S001,"This hypothesis does not necessarily contradict the scavenging hypothesis: both subsistence strategies could have been in use – sequentially, alternating or even simultaneously.",0
P002202,P002202_S000,"Hunting and gathering was presumably the subsistence strategy employed by human societies beginning some 1.8 million years ago, by Homo erectus, and from its appearance some 0.2 million years ago by Homo sapiens.",1
P002202,P002202_S001,"It remained the only mode of subsistence until the end of the Mesolithic period some 10,000 years ago, and after this was replaced only gradually with the spread of the Neolithic Revolution.",1
P002203,P002203_S000,"Starting at the transition between the Middle to Upper Paleolithic period, some 80,000 to 70,000 years ago, some hunter-gatherers bands began to specialize, concentrating on hunting a smaller selection of (often larger) game and gathering a smaller selection of food.",1
P002203,P002203_S001,"This specialization of work also involved creating specialized tools, like fishing nets and hooks and bone harpoons.",0
P002203,P002203_S002,The transition into the subsequent Neolithic period is chiefly defined by the unprecedented development of nascent agricultural practices.,0
P002203,P002203_S003,"Agriculture originated and spread in several different areas including the Middle East, Asia, Mesoamerica, and the Andes beginning as early as 12,000 years ago.",0
P002204,P002204_S000,Forest gardening was also being used as a food production system in various parts of the world over this period.,1
P002204,P002204_S001,Forest gardens originated in prehistoric times along jungle-clad river banks and in the wet foothills of monsoon regions.,0
P002204,P002204_S002,"[citation needed] In the gradual process of families improving their immediate environment, useful tree and vine species were identified, protected and improved, whilst undesirable species were eliminated.",0
P002204,P002204_S003,Eventually superior foreign species were selected and incorporated into the gardens.,0
P002205,P002205_S000,"Many groups continued their hunter-gatherer ways of life, although their numbers have continually declined, partly as a result of pressure from growing agricultural and pastoral communities.",0
P002205,P002205_S001,"Many of them reside in the developing world, either in arid regions or tropical forests.",0
P002205,P002205_S002,Areas that were formerly available to hunter-gatherers were—and continue to be—encroached upon by the settlements of agriculturalists.,0
P002205,P002205_S003,"In the resulting competition for land use, hunter-gatherer societies either adopted these practices or moved to other areas.",0
P002205,P002205_S004,"In addition, Jared Diamond has blamed a decline in the availability of wild foods, particularly animal resources.",0
P002205,P002205_S005,"In North and South America, for example, most large mammal species had gone extinct by the end of the Pleistocene—according to Diamond, because of overexploitation by humans, although the overkill hypothesis he advocates is strongly contested.",1
P002205,P002205_S006,[by whom?],0
P002206,P002206_S000,"As the number and size of agricultural societies increased, they expanded into lands traditionally used by hunter-gatherers.",1
P002206,P002206_S001,"This process of agriculture-driven expansion led to the development of the first forms of government in agricultural centers, such as the Fertile Crescent, Ancient India, Ancient China, Olmec, Sub-Saharan Africa and Norte Chico.",1
P002207,P002207_S000,"As a result of the now near-universal human reliance upon agriculture, the few contemporary hunter-gatherer cultures usually live in areas unsuitable for agricultural use.",1
P002208,P002208_S000,Most hunter-gatherers are nomadic or semi-nomadic and live in temporary settlements.,0
P002208,P002208_S001,"Mobile communities typically construct shelters using impermanent building materials, or they may use natural rock shelters, where they are available.",0
P002209,P002209_S000,"Some hunter-gatherer cultures, such as the indigenous peoples of the Pacific Northwest Coast, lived in particularly rich environments that allowed them to be sedentary or semi-sedentary.",1
P002210,P002210_S000,"Hunter-gatherers tend to have an egalitarian social ethos, although settled hunter-gatherers (for example, those inhabiting the Northwest Coast of North America) are an exception to this rule.",1
P002210,P002210_S001,"Nearly all African hunter-gatherers are egalitarian, with women roughly as influential and powerful as men.",1
P002211,P002211_S000,"The egalitarianism typical of human hunters and gatherers is never total, but is striking when viewed in an evolutionary context.",0
P002211,P002211_S001,"One of humanity's two closest primate relatives, chimpanzees, are anything but egalitarian, forming themselves into hierarchies that are often dominated by an alpha male.",0
P002211,P002211_S002,"So great is the contrast with human hunter-gatherers that it is widely argued by palaeoanthropologists that resistance to being dominated was a key factor driving the evolutionary emergence of human consciousness, language, kinship and social organization.",0
P002212,P002212_S000,"Anthropologists maintain that hunter/gatherers don't have permanent leaders; instead, the person taking the initiative at any one time depends on the task being performed.",1
P002212,P002212_S001,"In addition to social and economic equality in hunter-gatherer societies, there is often, though not always, sexual parity as well.",0
P002212,P002212_S002,Hunter-gatherers are often grouped together based on kinship and band (or tribe) membership.,0
P002212,P002212_S003,"Postmarital residence among hunter-gatherers tends to be matrilocal, at least initially.",0
P002212,P002212_S004,"Young mothers can enjoy childcare support from their own mothers, who continue living nearby in the same camp.",0
P002212,P002212_S005,"The systems of kinship and descent among human hunter-gatherers were relatively flexible, although there is evidence that early human kinship in general tended to be matrilineal.",0
P002213,P002213_S000,It is easy for Western-educated scholars to fall into the trap of viewing hunter-gatherer social and sexual arrangements in the light of Western values.,1
P002213,P002213_S001,"[editorializing] One common arrangement is the sexual division of labour, with women doing most of the gathering, while men concentrate on big game hunting.",0
P002213,P002213_S002,"It might be imagined that this arrangement oppresses women, keeping them in the domestic sphere.",0
P002213,P002213_S003,"However, according to some observers, hunter-gatherer women would not understand this interpretation.",0
P002213,P002213_S004,"Since childcare is collective, with every baby having multiple mothers and male carers, the domestic sphere is not atomised or privatised but an empowering place to be.",0
P002213,P002213_S005,"[citation needed] In all hunter-gatherer societies, women appreciate the meat brought back to camp by men.",0
P002213,P002213_S006,"An illustrative account is Megan Biesele's study of the southern African Ju/'hoan, 'Women Like Meat'.",0
P002213,P002213_S007,"Recent archaeological research suggests that the sexual division of labor was the fundamental organisational innovation that gave Homo sapiens the edge over the Neanderthals, allowing our ancestors to migrate from Africa and spread across the globe.",0
P002214,P002214_S000,"To this day, most hunter-gatherers have a symbolically structured sexual division of labour.",0
P002214,P002214_S001,"However, it is true that in a small minority of cases, women hunt the same kind of quarry as men, sometimes doing so alongside men.",0
P002214,P002214_S002,The best-known example are the Aeta people of the Philippines.,0
P002214,P002214_S003,"According to one study, ""About 85% of Philippine Aeta women hunt, and they hunt the same quarry as men.",0
P002214,P002214_S004,"Aeta women hunt in groups and with dogs, and have a 31% success rate as opposed to 17% for men.",0
P002214,P002214_S005,"Their rates are even better when they combine forces with men: mixed hunting groups have a full 41% success rate among the Aeta.""",0
P002214,P002214_S006,"Among the Ju'/hoansi people of Namibia, women help men track down quarry.",0
P002214,P002214_S007,Women in the Australian Martu also primarily hunt small animals like lizards to feed their children and maintain relations with other women.,0
P002215,P002215_S000,"At the 1966 ""Man the Hunter"" conference, anthropologists Richard Borshay Lee and Irven DeVore suggested that egalitarianism was one of several central characteristics of nomadic hunting and gathering societies because mobility requires minimization of material possessions throughout a population.",1
P002215,P002215_S001,"Therefore, no surplus of resources can be accumulated by any single member.",0
P002215,P002215_S002,Other characteristics Lee and DeVore proposed were flux in territorial boundaries as well as in demographic composition.,0
P002216,P002216_S000,"At the same conference, Marshall Sahlins presented a paper entitled, ""Notes on the Original Affluent Society"", in which he challenged the popular view of hunter-gatherers lives as ""solitary, poor, nasty, brutish and short,"" as Thomas Hobbes had put it in 1651.",1
P002216,P002216_S001,"According to Sahlins, ethnographic data indicated that hunter-gatherers worked far fewer hours and enjoyed more leisure than typical members of industrial society, and they still ate well.",0
P002216,P002216_S002,"Their ""affluence"" came from the idea that they were satisfied with very little in the material sense.",0
P002216,P002216_S003,"Later, in 1996, Ross Sackett performed two distinct meta-analyses to empirically test Sahlin's view.",0
P002216,P002216_S004,"The first of these studies looked at 102 time-allocation studies, and the second one analyzed 207 energy-expenditure studies.",0
P002216,P002216_S005,"Sackett found that adults in foraging and horticultural societies work, on average, about 6.5 hours a day, where as people in agricultural and industrial societies work on average 8.8 hours a day.",0
P002217,P002217_S000,"Mutual exchange and sharing of resources (i.e., meat gained from hunting) are important in the economic systems of hunter-gatherer societies.",1
P002217,P002217_S001,"Therefore, these societies can be described as based on a ""gift economy.""",1
P002218,P002218_S000,"Hunter-gatherer societies manifest significant variability, depending on climate zone/life zone, available technology and societal structure.",0
P002218,P002218_S001,Archaeologists examine hunter-gatherer tool kits to measure variability across different groups.,1
P002218,P002218_S002,Collard et al.,0
P002218,P002218_S003,(2005) found temperature to be the only statistically significant factor to impact hunter-gatherer tool kits.,0
P002218,P002218_S004,"Using temperature as a proxy for risk, Collard et al.",0
P002218,P002218_S005,'s results suggest that environments with extreme temperatures pose a threat to hunter-gatherer systems significant enough to warrant increased variability of tools.,0
P002218,P002218_S006,These results support Torrence's (1989) theory that risk of failure is indeed the most important factor in determining the structure of hunter-gatherer toolkits.,0
P002219,P002219_S000,One way to divide hunter-gatherer groups is by their return systems.,1
P002219,P002219_S001,"James Woodburn uses the categories ""immediate return"" hunter-gatherers for egalitarian and ""delayed return"" for nonegalitarian.",0
P002219,P002219_S002,Immediate return foragers consume their food within a day or two after they procure it.,0
P002219,P002219_S003,"Delayed return foragers store the surplus food (Kelly, 31).",0
P002220,P002220_S000,"Hunting-gathering was the common human mode of subsistence throughout the Paleolithic, but the observation of current-day hunters and gatherers does not necessarily reflect Paleolithic societies; the hunter-gatherer cultures examined today have had much contact with modern civilization and do not represent ""pristine"" conditions found in uncontacted peoples.",1
P002221,P002221_S000,The transition from hunting and gathering to agriculture is not necessarily a one way process.,0
P002221,P002221_S001,"It has been argued that hunting and gathering represents an adaptive strategy, which may still be exploited, if necessary, when environmental change causes extreme food stress for agriculturalists.",0
P002221,P002221_S002,"In fact, it is sometimes difficult to draw a clear line between agricultural and hunter-gatherer societies, especially since the widespread adoption of agriculture and resulting cultural diffusion that has occurred in the last 10,000 years.",0
P002221,P002221_S003,[citation needed] This anthropological view has remained unchanged since the 1960s.,0
P002221,P002221_S004,[clarification needed][citation needed],0
P002222,P002222_S000,"In the early 1980s, a small but vocal segment of anthropologists and archaeologists attempted to demonstrate that contemporary groups usually identified as hunter-gatherers do not, in most cases, have a continuous history of hunting and gathering, and that in many cases their ancestors were agriculturalists and/or pastoralists[citation needed] who were pushed into marginal areas as a result of migrations, economic exploitation, and/or violent conflict (see, for example, the Kalahari Debate).",1
P002222,P002222_S001,The result of their effort has been the general acknowledgement that there has been complex interaction between hunter-gatherers and non-hunter-gatherers for millennia.,1
P002222,P002222_S002,[citation needed],0
P002223,P002223_S000,"Some of the theorists who advocate this ""revisionist"" critique imply that, because the ""pure hunter-gatherer"" disappeared not long after colonial (or even agricultural) contact began, nothing meaningful can be learned about prehistoric hunter-gatherers from studies of modern ones (Kelly, 24-29; see Wilmsen)",1
P002224,P002224_S000,Lee and Guenther have rejected most of the arguments put forward by Wilmsen.,1
P002224,P002224_S001,Doron Shultziner and others have argued that we can learn a lot about the life-styles of prehistoric hunter-gatherers from studies of contemporary hunter-gatherers—especially their impressive levels of egalitarianism.,1
P002225,P002225_S000,"Many hunter-gatherers consciously manipulate the landscape through cutting or burning undesirable plants while encouraging desirable ones, some even going to the extent of slash-and-burn to create habitat for game animals.",1
P002225,P002225_S001,"These activities are on an entirely different scale to those associated with agriculture, but they are nevertheless domestication on some level.",0
P002225,P002225_S002,"Today, almost all hunter-gatherers depend to some extent upon domesticated food sources either produced part-time or traded for products acquired in the wild.",1
P002226,P002226_S000,"Some agriculturalists also regularly hunt and gather (e.g., farming during the frost-free season and hunting during the winter).",0
P002226,P002226_S001,"Still others in developed countries go hunting, primarily for leisure.",0
P002226,P002226_S002,"In the Brazilian rainforest, those groups that recently did, or even continue to, rely on hunting and gathering techniques seem to have adopted this lifestyle, abandoning most agriculture, as a way to escape colonial control and as a result of the introduction of European diseases reducing their populations to levels where agriculture became difficult.",1
P002226,P002226_S003,[citation needed][dubious – discuss],0
P002227,P002227_S000,"There are nevertheless a number of contemporary hunter-gatherer peoples who, after contact with other societies, continue their ways of life with very little external influence.",0
P002227,P002227_S001,"One such group is the Pila Nguru (Spinifex people) of Western Australia, whose habitat in the Great Victoria Desert has proved unsuitable for European agriculture (and even pastoralism).",1
P002227,P002227_S002,"[citation needed] Another are the Sentinelese of the Andaman Islands in the Indian Ocean, who live on North Sentinel Island and to date have maintained their independent existence, repelling attempts to engage with and contact them.",1
P002227,P002227_S003,[citation needed],0
P002228,P002228_S000,"Evidence suggests big-game hunter gatherers crossed the Bering Strait from Asia (Eurasia) into North America over a land bridge (Beringia), that existed between 47,000–14,000 years ago.",1
P002228,P002228_S001,"Around 18,500-15,500 years ago, these hunter-gatherers are believed to have followed herds of now-extinct Pleistocene megafauna along ice-free corridors that stretched between the Laurentide and Cordilleran ice sheets.",1
P002228,P002228_S002,"Another route proposed is that, either on foot or using primitive boats, they migrated down the Pacific coast to South America.",1
P002229,P002229_S000,"Hunter-gatherers would eventually flourish all over the Americas, primarily based in the Great Plains of the United States and Canada, with offshoots as far east as the Gaspé Peninsula on the Atlantic coast, and as far south as Chile, Monte Verde.",1
P002229,P002229_S001,"[citation needed] American hunter-gatherers were spread over a wide geographical area, thus there were regional variations in lifestyles.",1
P002229,P002229_S002,"However, all the individual groups shared a common style of stone tool production, making knapping styles and progress identifiable.",0
P002229,P002229_S003,"This early Paleo-Indian period lithic reduction tool adaptations have been found across the Americas, utilized by highly mobile bands consisting of approximately 25 to 50 members of an extended family.",0
P002230,P002230_S000,The Archaic period in the Americas saw a changing environment featuring a warmer more arid climate and the disappearance of the last megafauna.,1
P002230,P002230_S001,"The majority of population groups at this time were still highly mobile hunter-gatherers; but now individual groups started to focus on resources available to them locally, thus with the passage of time there is a pattern of increasing regional generalization like, the Southwest, Arctic, Poverty, Dalton and Plano traditions.",1
P002230,P002230_S002,"This regional adaptations would become the norm, with reliance less on hunting and gathering, with a more mixed economy of small game, fish, seasonally wild vegetables and harvested plant foods.",0
P002231,P002231_S000,"The United Nations Population Fund (UNFPA), formerly the United Nations Fund for Population Activities, is a UN organization.",1
P002231,P002231_S001,"The UNFPA says it ""is the lead UN agency for delivering a world where every pregnancy is wanted, every childbirth is safe and every young person's potential is fulfilled.""",1
P002231,P002231_S002,"Their work involves the improvement of reproductive health; including creation of national strategies and protocols, and providing supplies and services.",0
P002231,P002231_S003,The organization has recently been known for its worldwide campaign against obstetric fistula and female genital mutilation.,0
P002232,P002232_S000,"The UNFPA supports programs in more than 150 countries, territories and areas spread across four geographic regions: Arab States and Europe, Asia and the Pacific, Latin America and the Caribbean, and sub-Saharan Africa.",1
P002232,P002232_S001,Around three quarters of the staff work in the field.,1
P002232,P002232_S002,It is a member of the United Nations Development Group and part of its Executive Committee.,1
P002233,P002233_S000,UNFPA began operations in 1969 as the United Nations Fund for Population Activities (the name was changed in 1987) under the administration of the United Nations Development Fund.,1
P002233,P002233_S001,In 1971 it was placed under the authority of the United Nations General Assembly.,1
P002234,P002234_S000,"In September 2015, the 193 member states of the United Nations unanimously adopted the Sustainable Development Goals, a set of 17 goals aiming to transform the world over the next 15 years.",1
P002234,P002234_S001,"These goals are designed to eliminate poverty, discrimination, abuse and preventable deaths, address environmental destruction, and usher in an era of development for all people, everywhere.",1
P002235,P002235_S000,"The Sustainable Development Goals are ambitious, and they will require enormous efforts across countries, continents, industries and disciplines - but they are achievable.",0
P002235,P002235_S001,"UNFPA is working with governments, partners and other UN agencies to directly tackle many of these goals - in particular Goal 3 on health, Goal 4 on education and Goal 5 on gender equality - and contributes in a variety of ways to achieving many of the rest.",1
P002236,P002236_S000,"Executive Directors and Under-Secretaries General of the UN
2011–present Dr Babatunde Osotimehin (Nigeria)
2000–2010 Ms Thoraya Ahmed Obaid (Saudi Arabia)
1987–2000 Dr Nafis Sadik (Pakistan)
1969–87 Mr Rafael M. Salas (Philippines)",1
P002237,P002237_S000,UNFPA is the world's largest multilateral source of funding for population and reproductive health programs.,1
P002237,P002237_S001,"The Fund works with governments and non-governmental organizations in over 150 countries with the support of the international community, supporting programs that help women, men and young people:",1
P002238,P002238_S000,"According to UNFPA these elements promote the right of ""reproductive health"", that is physical, mental, and social health in matters related to reproduction and the reproductive system.",1
P002239,P002239_S000,"The Fund raises awareness of and supports efforts to meet these needs in developing countries, advocates close attention to population concerns, and helps developing nations formulate policies and strategies in support of sustainable development.",1
P002239,P002239_S001,Dr. Osotimehin assumed leadership in January 2011.,1
P002239,P002239_S002,The Fund is also represented by UNFPA Goodwill Ambassadors and a Patron.,1
P002240,P002240_S000,"UNFPA works in partnership with governments, along with other United Nations agencies, communities, NGOs, foundations and the private sector, to raise awareness and mobilize the support and resources needed to achieve its mission to promote the rights and health of women and young people.",1
P002241,P002241_S000,UNFPA has been falsely accused by anti-family planning groups of providing support for government programs which have promoted forced-abortions and coercive sterilizations.,1
P002241,P002241_S001,"Controversies regarding these claims have resulted in a sometimes shaky relationship between the organization and three presidential administrations, that of Ronald Reagan, George H. W. Bush and George W. Bush, withholding funding from the UNFPA.",1
P002242,P002242_S000,Contributions from governments and the private sector to UNFPA in 2014 exceeded $1 billion.,1
P002242,P002242_S001,The amount includes $477 million to the organization’s core resources and $529 million earmarked for specific programs and initiatives.,1
P002243,P002243_S000,UNFPA provided aid to Peru's reproductive health program in the mid-to-late '90s.,0
P002243,P002243_S001,"When it was discovered a Peruvian program had been engaged in carrying out coercive sterilizations, UNFPA called for reforms and protocols to protect the rights of women seeking assistance.",1
P002243,P002243_S002,"UNFPA was not involved in the scandal, but continued work with the country after the abuses had become public to help end the abuses and reform laws and practices.",0
P002244,P002244_S000,"From 2002 through 2008, the Bush Administration denied funding to UNFPA that had already been allocated by the US Congress, partly on the refuted claims that the UNFPA supported Chinese government programs which include forced abortions and coercive sterilizations.",1
P002244,P002244_S001,"In a letter from the Undersecretary of State for Political Affairs Nicholas Burns to Congress, the administration said it had determined that UNFPA’s support for China’s population program “facilitates (its) government’s coercive abortion program”, thus violating the Kemp-Kasten Amendment, which bans the use of United States aid to finance organizations that support or take part in managing a program of coercive abortion of sterilization.",1
P002245,P002245_S000,"UNFPA's connection to China's administration of forced abortions was refuted by investigations carried out by various US, UK, and UN teams sent to examine UNFPA activities in China.",1
P002245,P002245_S001,"Specifically, a three-person U.S State Department fact-finding team was sent on a two-week tour throughout China.",1
P002245,P002245_S002,"It wrote in a report to the State Department that it found ""no evidence that UNFPA has supported or participated in the management of a program of coercive abortion or involuntary sterilization in China,"" as has been charged by critics.",1
P002246,P002246_S000,"However, according to then-Secretary of State Colin Powell, the UNFPA contributed vehicles and computers to the Chinese to carry out their population control policies.",1
P002246,P002246_S001,"However, both the Washington Post and the Washington Times reported that Powell simply fell in line, signing a brief written by someone else.",1
P002247,P002247_S000,"Rep. Christopher H. Smith (R-NJ), criticized the State Department investigation, saying the investigators were shown ""Potemkin Villages"" where residents had been intimidated into lying about the family-planning program.",1
P002247,P002247_S001,"Dr. Nafis Sadik, former director of UNFPA said her agency had been pivotal in reversing China's coercive population control methods, but a 2005 report by Amnesty International and a separate report by the United States State Department found that coercive techniques were still regularly employed by the Chinese, casting doubt upon Sadik's statements.",1
P002248,P002248_S000,But Amnesty International found no evidence that UNFPA had supported the coercion.,0
P002248,P002248_S001,A 2001 study conducted by the pro-life Population Research Institute (PRI) falsely claimed that the UNFPA shared an office with the Chinese family planning officials who were carrying out forced abortions.,0
P002248,P002248_S002,"""We located the family planning offices, and in that family planning office, we located the UNFPA office, and we confirmed from family planning officials there that there is no distinction between what the UNFPA does and what the Chinese Family Planning Office does,"" said Scott Weinberg, a spokesman for PRI.",1
P002248,P002248_S003,"However, United Nations Members disagreed and approved UNFPA’s new country program me in January 2006.",0
P002248,P002248_S004,The more than 130 members of the “Group of 77” developing countries in the United Nations expressed support for the UNFPA programmes.,0
P002248,P002248_S005,"In addition, speaking for European democracies -- Norway, Denmark, Sweden, Finland, the Netherlands, France, Belgium, Switzerland and Germany -- the United Kingdom stated, ”UNFPA’s activities in China, as in the rest of the world, are in strict conformity with the unanimously adopted Programme of Action of the ICPD, and play a key role in supporting our common endeavor, the promotion and protection of all human rights and fundamental freedoms.”",1
P002249,P002249_S000,President Bush denied funding to the UNFPA.,1
P002249,P002249_S001,"Over the course of the Bush Administration, a total of $244 million in Congressionally approved funding was blocked by the Executive Branch.",1
P002250,P002250_S000,"In response, the EU decided to fill the gap left behind by the US under the Sandbaek report.",1
P002250,P002250_S001,"According to its Annual Report for 2008, the UNFPA received its funding mainly from European Governments: Of the total income of M845.3 M, $118 was donated by the Netherlands, $67 M by Sweden, $62 M by Norway, $54 M by Denmark, $53 M by the UK, $52 M by Spain, $19 M by Luxembourg.",1
P002250,P002250_S002,The European Commission donated further $36 M. The most important non-European donor State was Japan ($36 M).,1
P002250,P002250_S003,The number of donors exceeded 180 in one year.,0
P002251,P002251_S000,"In America, nonprofit organizations like Friends of UNFPA (formerly Americans for UNFPA) worked to compensate for the loss of United States federal funding by raising private donations.",1
P002252,P002252_S000,"In January 2009 President Barack Obama restored US funding to UNFPA, saying in a public statement that he would ""look forward to working with Congress to restore US financial support for the UN Population Fund.",1
P002252,P002252_S001,"By resuming funding to UNFPA, the US will be joining 180 other donor nations working collaboratively to reduce poverty, improve the health of women and children, prevent HIV/AIDS and provide family planning assistance to women in 154 countries.""",1
P002253,P002253_S000,"The Russian Soviet Federative Socialist Republic (Russian SFSR or RSFSR; Russian: Российская Советская Федеративная Социалистическая Республика, tr.",1
P002253,P002253_S001,"Rossiyskaya Sovetskaya Federativnaya Sotsialisticheskaya Respublika  listen (help·info)) commonly referred to as Soviet Russia or simply as Russia, was a sovereign state in 1917–22, the largest, most populous, and most economically developed republic of the Soviet Union in 1922–91 and a sovereign part of the Soviet Union with its own legislation in 1990–91.",1
P002253,P002253_S002,"The Republic comprised sixteen autonomous republics, five autonomous oblasts, ten autonomous okrugs, six krais, and forty oblasts.",0
P002253,P002253_S003,Russians formed the largest ethnic group.,0
P002253,P002253_S004,"To the west it bordered Finland, Norway and Poland; and to the south, China, Mongolia and North Korea whilst bordering the Arctic Ocean to the north, the Pacific Ocean to the east and the Black sea and Caspian Sea to the south.",1
P002253,P002253_S005,"Within the USSR, it bordered the Baltic republics (Lithuania, Latvia and Estonia), the Byelorussian SSR and the Ukrainian SSR to the west.",0
P002253,P002253_S006,"To the south it bordered the Georgian, Azerbaijan and Kazakh SSRs.",0
P002254,P002254_S000,"Under the leadership of Vladimir Lenin, the Bolsheviks established the Soviet state on 7 November [O.S.",1
P002254,P002254_S001,"25 October] 1917, immediately after the Russian Provisional Government, which governed the Russian Republic, was overthrown during the October Revolution.",0
P002254,P002254_S002,"Initially, the state did not have an official name and wasn't recognized by neighboring countries for five months.",0
P002254,P002254_S003,"Meanwhile, anti-Bolsheviks coined the mocking label ""Sovdepia"" for the nascent state of the ""Soviets of Workers' and Peasants' Deputies"".",0
P002255,P002255_S000,"On December 30, 1922, with the creation of the Soviet Union, Russia became one of six republics within the federation of the Union of Soviet Socialist Republics.",1
P002255,P002255_S001,"The final Soviet name for the republic, the Russian Soviet Federative Socialist Republic, was adopted in the Soviet Constitution of 1936.",1
P002255,P002255_S002,"By that time, Soviet Russia had gained roughly the same borders of the old Tsardom of Russia before the Great Northern War of 1700.",1
P002256,P002256_S000,"On December 25, 1991, following the collapse of the Soviet Union, the republic was renamed the Russian Federation, which it remains to this day.",1
P002256,P002256_S001,"This name and ""Russia"" were specified as the official state names in the April 21, 1992 amendment to the existing constitution and were retained as such in the 1993 Constitution of Russia.",1
P002257,P002257_S000,"The international borders of the RSFSR touched Poland on the west; Norway and Finland on the northwest; and to its southeast were the Democratic People's Republic of Korea, Mongolian People's Republic, and the People's Republic of China.",1
P002257,P002257_S001,"Within the Soviet Union, the RSFSR bordered the Ukrainian, Belarusian, Estonian, Latvian and Lithuanian SSRs to its west and Azerbaijan, Georgian and Kazakh SSRs to the south.",1
P002258,P002258_S000,"The Soviet regime first came to power on November 7, 1917, immediately after the Russian Provisional Government, which governed the Russian Republic, was overthrown in the October Revolution.",1
P002258,P002258_S001,"The state it governed, which did not have an official name, would be unrecognized by neighboring countries for another five months.",1
P002259,P002259_S000,"On January 25, 1918, at the third meeting of the All-Russian Congress of Soviets, the unrecognized state was renamed the Soviet Russian Republic.",1
P002259,P002259_S001,"On March 3, 1918, the Treaty of Brest-Litovsk was signed, giving away much of the land of the former Russian Empire to Germany, in exchange for peace in World War I.",1
P002259,P002259_S002,"On July 10, 1918, the Russian Constitution of 1918 renamed the country the Russian Socialist Federative Soviet Republic.",1
P002259,P002259_S003,"By 1918, during the Russian Civil War, several states within the former Russian Empire had seceded, reducing the size of the country even more.",0
P002260,P002260_S000,"In 1943, Karachay Autonomous Oblast was dissolved by Joseph Stalin, when the Karachays were exiled to Central Asia for their alleged collaboration with the Germans and territory was incorporated into the Georgian SSR.",1
P002261,P002261_S000,"The RSFSR was established on November 7, 1917 (October Revolution) as a sovereign state.",1
P002261,P002261_S001,The first Constitution was adopted in 1918.,1
P002261,P002261_S002,In 1922 the Russian SFSR signed the Treaty on the Creation of the USSR.,1
P002262,P002262_S000,"The economy of Russia became heavily industrialized, accounting for about two-thirds of the electricity produced in the USSR.",1
P002262,P002262_S001,"It was, by 1961, the third largest producer of petroleum due to new discoveries in the Volga-Urals region and Siberia, trailing only the United States and Saudi Arabia.",0
P002262,P002262_S002,"In 1974, there were 475 institutes of higher education in the republic providing education in 47 languages to some 23,941,000 students.",0
P002262,P002262_S003,A network of territorially-organized public-health services provided health care.,0
P002262,P002262_S004,"After 1985, the restructuring policies of the Gorbachev administration relatively liberalised the economy, which had become stagnant since the late 1970s, with the introduction of non-state owned enterprises such as cooperatives.",0
P002262,P002262_S005,The effects of market policies led to the failure of many enterprises and total instability by 1990.,0
P002263,P002263_S000,"On June 12, 1990, the Congress of People's Deputies adopted the Declaration of State Sovereignty.",1
P002263,P002263_S001,"On June 12, 1991, Boris Yeltsin was elected the first President.",1
P002263,P002263_S002,"On December 8, 1991, heads of Russia, Ukraine and Belarus signed the Belavezha Accords.",0
P002263,P002263_S003,The agreement declared dissolution of the USSR by its founder states (i.e.,0
P002263,P002263_S004,denunciation of 1922 Treaty on the Creation of the USSR) and established the CIS.,0
P002263,P002263_S005,"On December 12, the agreement was ratified by the Russian Parliament, therefore Russian SFSR denounced the Treaty on the Creation of the USSR and de facto declared Russia's independence from the USSR.",1
P002264,P002264_S000,"On December 25, 1991, the Russian SFSR was renamed the Russian Federation.",1
P002264,P002264_S001,"On December 26, 1991, the USSR was self-dissolved by the Soviet of Nationalities, which by that time was the only functioning house of the Supreme Soviet (the other house, Soviet of the Union, had already lost the quorum after recall of its members by the union republics).",1
P002264,P002264_S002,"After dissolution of the USSR, Russia declared that it assumed the rights and obligations of the dissolved central Soviet government, including UN membership.",0
P002265,P002265_S000,"On January 25, 1918 the third meeting of the All-Russian Congress of Soviets renamed the unrecognized state the Soviet Russian Republic.",1
P002265,P002265_S001,"The Treaty of Brest-Litovsk was signed on March 3, 1918, giving away much of the land of the former Russian Empire to Germany in exchange for peace during the rest of World War I.",1
P002265,P002265_S002,"On July 10, 1918, the Russian Constitution of 1918 renamed the country the Russian Socialist Federative Soviet Republic.",0
P002265,P002265_S003,"By 1918, during the Russian Civil War, several states within the former Russian Empire seceded, reducing the size of the country even more.",1
P002266,P002266_S000,"Internationally, in 1920, the RSFSR was recognized as an independent state only by Estonia, Finland, Latvia and Lithuania in the Treaty of Tartu and by the short-lived Irish Republic.",1
P002267,P002267_S000,"For most of the Soviet Union's existence, it was commonly referred to as ""Russia,"" even though technically ""Russia"" was only one republic within the larger union—albeit by far the largest, most powerful and most highly developed.",1
P002268,P002268_S000,"Roughly 70% of the area in the RSFSR consisted of broad plains, with mountainous tundra regions mainly concentrated in the east.",1
P002268,P002268_S001,"The area is rich in mineral resources, including petroleum, natural gas, and iron ore.",1
P002269,P002269_S000,"On December 30, 1922, the First Congress of the Soviets of the USSR approved the Treaty on the Creation of the USSR, by which Russia was united with the Ukrainian Soviet Socialist Republic, Byelorussian Soviet Socialist Republic, and Transcaucasian Soviet Federal Socialist Republic into a single federal state, the Soviet Union.",1
P002269,P002269_S001,"Later treaty was included in the 1924 Soviet Constitution,[clarification needed] adopted on January 31, 1924 by the Second Congress of Soviets of the USSR.",1
P002270,P002270_S000,Many regions in Russia were affected by the Soviet famine of 1932–1933: Volga; Central Black Soil Region; North Caucasus; the Urals; the Crimea; part of Western Siberia; and the Kazak ASSR.,1
P002270,P002270_S001,"With the adoption of the 1936 Soviet Constitution on December 5, 1936, the size of the RSFSR was significantly reduced.",1
P002270,P002270_S002,The Kazakh ASSR and Kirghiz ASSR were transformed into the Kazakh and Kirghiz Soviet Socialist Republics.,0
P002270,P002270_S003,The Karakalpak Autonomous Socialist Soviet Republic was transferred to the Uzbek SSR.,0
P002271,P002271_S000,"The final name for the republic during the Soviet era was adopted by the Russian Constitution of 1937, which renamed it the Russian Soviet Federative Socialist Republic.",1
P002272,P002272_S000,"On March 3, 1944, on the orders of Stalin, the Chechen-Ingush ASSR was disbanded and its population forcibly deported upon the accusations of collaboration with the invaders and separatism.",1
P002272,P002272_S001,The territory of the ASSR was divided between other administrative unit of Russian SFSR and the Georgian SSR.,1
P002273,P002273_S000,"On October 11, 1944, the Tuvan People's Republic joined the Russian SFSR as the Tuvan Autonomous Oblast, in 1961 becoming an Autonomous Soviet Socialist Republic.",1
P002274,P002274_S000,"After reconquering Estonia and Latvia in 1944, the Russian SFSR annexed their easternmost territories around Ivangorod and within the modern Pechorsky and Pytalovsky Districts in 1944-1945.",1
P002275,P002275_S000,"At the end of World War II Soviet troops occupied southern Sakhalin Island and the Kuril Islands, making them part of the RSFSR.",1
P002275,P002275_S001,The status of the southernmost Kurils remains in dispute with Japan.,1
P002276,P002276_S000,"On April 17, 1946, the Kaliningrad Oblast — the northern portion of the former German province of East Prussia—was annexed by the Soviet Union and made part of the Russian SFSR.",1
P002277,P002277_S000,"On February 8, 1955, Malenkov was officially demoted to deputy Prime Minister.",1
P002277,P002277_S001,"As First Secretary of the Central Committee of the Communist Party, Nikita Khrushchev's authority was significantly enhanced by Malenkov's demotion.",1
P002278,P002278_S000,"On January 9, 1957, Karachay Autonomous Oblast and Chechen-Ingush Autonomous Soviet Socialist Republic were restored by Khrushchev and they were transferred from the Georgian SSR back to the Russian SFSR.",1
P002279,P002279_S000,"In 1964, Nikita Khrushchev was removed from his position of power and replaced with Leonid Brezhnev.",1
P002279,P002279_S001,"Under his rule, the Russian SFSR and the rest of the Soviet Union went through an era of stagnation.",1
P002279,P002279_S002,"Even after he died in 1982, the era didn’t end until Mikhail Gorbachev took power and introduced liberal reforms in Soviet society.",1
P002280,P002280_S000,"On June 12, 1990, the Congress of People's Deputies of the Republic adopted the Declaration of State Sovereignty of the Russian SFSR, which was the beginning of the ""War of Laws"", pitting the Soviet Union against the Russian Federation and other constituent republics.",1
P002281,P002281_S000,"On March 17, 1991, an all-Russian referendum created the post of President of the RSFSR.",1
P002281,P002281_S001,"On June 12, Boris Yeltsin was elected President of Russia by popular vote.",1
P002281,P002281_S002,"During an unsuccessful coup attempt on August 19–21, 1991 in Moscow, the capital of the Soviet Union and Russia, President of Russia Yeltsin strongly supported the President of the Soviet Union, Mikhail Gorbachev.",1
P002282,P002282_S000,"On August 23, after the failure of GKChP, in the presence of Gorbachev, Yeltsin signed a decree suspending all activity by the Communist Party of the Russian SFSR in the territory of Russia.",1
P002282,P002282_S001,"On November 6, he went further, banning the Communist Parties of the USSR and the RSFSR from the territory of the RSFSR.",1
P002283,P002283_S000,"On December 8, 1991, at Viskuli near Brest (Belarus), the President of the Russian SFSR and the heads of Byelorussian SSR and Ukrainian SSR signed the ""Agreement on the Establishment of the Commonwealth of Independent States"" (known in media as Belavezha Accords).",1
P002283,P002283_S001,"The document, consisting of a preamble and fourteen articles, stated that the Soviet Union ceased to exist as a subject of international law and geopolitical reality.",0
P002283,P002283_S002,"However, based on the historical community of peoples, relations between them, given the bilateral treaties, the desire for a democratic rule of law, the intention to develop their relations based on mutual recognition and respect for state sovereignty, the parties agreed to the formation of the Commonwealth of Independent States.",1
P002283,P002283_S003,"On December 12, the agreement was ratified by the Supreme Soviet of the Russian SFSR by an overwhelming majority: 188 votes for, 6 against, 7 abstentions.",1
P002283,P002283_S004,"On the same day, the Supreme Soviet of the Russian SFSR denounced the Treaty on the Creation of the USSR and recalled all Russian deputies from the Supreme Soviet of the Soviet Union.",0
P002283,P002283_S005,"The legality of this act is the subject of discussions because, according to the 1978 Constitution (Basic Law) of the Russian SFSR, the Russian Supreme Soviet had no right to do so.",0
P002283,P002283_S006,"However, by this time the Soviet government had been rendered more or less impotent, and was in no position to object.",0
P002283,P002283_S007,"Although the December 12 vote is sometimes reckoned as the moment that the RSFSR seceded from the collapsing Soviet Union, this is not the case.",0
P002283,P002283_S008,It appears that the RSFSR took the line that it was not possible to secede from an entity that no longer existed.,0
P002284,P002284_S000,"On December 24, Yeltsin informed the Secretary-General of the United Nations that by agreement of the member states of the CIS Russian Federation would assume the membership of the Soviet Union in all UN organs (including permanent membership in the UN Security Council).",1
P002284,P002284_S001,"Thus, Russia is considered to be an original member of the UN (since October 24, 1945) along with Ukraine (Ukrainian SSR) and Belarus (Byelorussian SSR).",1
P002284,P002284_S002,"On December 25—just hours after Gorbachev resigned as president of the Soviet Union—the Russian SFSR was renamed the Russian Federation (Russia), reflecting that it was now a sovereign state with Yeltsin assuming the Presidency.",1
P002284,P002284_S003,"The change was originally published on January 6, 1992 (Rossiyskaya Gazeta).",0
P002284,P002284_S004,"According to law, during 1992, it was allowed to use the old name of the RSFSR for official business (forms, seals and stamps).",0
P002284,P002284_S005,"The Russian Federation's Constitution (Fundamental Law) of 1978, though with the 1991–1992 Amendements, remained in effect until the 1993 Russian constitutional crisis.",0
P002285,P002285_S000,"The Government was known officially as the Council of People's Commissars (1917–1946), Council of Ministers (1946–1978) and Council of Ministers–Government (1978–1991).",1
P002285,P002285_S001,"The first government was headed by Vladimir Lenin as ""Chairman of the Council of People's Commissars of the Russian SFSR"" and the last by Boris Yeltsin as both head of government and head of state under the title ""President"".",1
P002286,P002286_S000,"The Russian SFSR was controlled by the Communist Party of the Soviet Union, until the abortive 1991 August coup, which prompted President Yeltsin to suspend the recently created Communist Party of the Russian Soviet Federative Socialist Republic.",1
P002287,P002287_S000,"Alexander Graham Bell (March 3, 1847 – August 2, 1922) was a Scottish-born[N 3] scientist, inventor, engineer and innovator who is credited with patenting the first practical telephone.",1
P002288,P002288_S000,"Bell's father, grandfather, and brother had all been associated with work on elocution and speech, and both his mother and wife were deaf, profoundly influencing Bell's life's work.",1
P002288,P002288_S001,His research on hearing and speech further led him to experiment with hearing devices which eventually culminated in Bell being awarded the first U.S. patent for the telephone in 1876.,1
P002288,P002288_S002,[N 4] Bell considered his most famous invention an intrusion on his real work as a scientist and refused to have a telephone in his study.,0
P002288,P002288_S003,[N 5],0
P002289,P002289_S000,"Many other inventions marked Bell's later life, including groundbreaking work in optical telecommunications, hydrofoils and aeronautics.",1
P002289,P002289_S001,"Although Bell was not one of the 33 founders of the National Geographic Society, he had a strong influence on the magazine while serving as the second president from January 7, 1898 until 1903.",1
P002290,P002290_S000,"Alexander Bell was born in Edinburgh, Scotland, on March 3, 1847.",1
P002290,P002290_S001,"The family home was at 16 South Charlotte Street, and has a stone inscription marking it as Alexander Graham Bell's birthplace.",1
P002290,P002290_S002,"He had two brothers: Melville James Bell (1845–70) and Edward Charles Bell (1848–67), both of whom would die of tuberculosis.",0
P002290,P002290_S003,"His father was Professor Alexander Melville Bell, a phonetician, and his mother was Eliza Grace (née Symonds).",1
P002290,P002290_S004,"Born as just ""Alexander Bell"", at age 10 he made a plea to his father to have a middle name like his two brothers.",0
P002290,P002290_S005,"[N 6] For his 11th birthday, his father acquiesced and allowed him to adopt the name ""Graham"", chosen out of respect for Alexander Graham, a Canadian being treated by his father who had become a family friend.",0
P002290,P002290_S006,"To close relatives and friends he remained ""Aleck"".",0
P002291,P002291_S000,"As a child, young Bell displayed a natural curiosity about his world, resulting in gathering botanical specimens as well as experimenting even at an early age.",1
P002291,P002291_S001,"His best friend was Ben Herdman, a neighbor whose family operated a flour mill, the scene of many forays.",1
P002291,P002291_S002,Young Bell asked what needed to be done at the mill.,0
P002291,P002291_S003,"He was told wheat had to be dehusked through a laborious process and at the age of 12, Bell built a homemade device that combined rotating paddles with sets of nail brushes, creating a simple dehusking machine that was put into operation and used steadily for a number of years.",0
P002291,P002291_S004,"In return, John Herdman gave both boys the run of a small workshop in which to ""invent"".",0
P002292,P002292_S000,"From his early years, Bell showed a sensitive nature and a talent for art, poetry, and music that was encouraged by his mother.",1
P002292,P002292_S001,"With no formal training, he mastered the piano and became the family's pianist.",0
P002292,P002292_S002,"Despite being normally quiet and introspective, he reveled in mimicry and ""voice tricks"" akin to ventriloquism that continually entertained family guests during their occasional visits.",0
P002292,P002292_S003,"Bell was also deeply affected by his mother's gradual deafness, (she began to lose her hearing when he was 12) and learned a manual finger language so he could sit at her side and tap out silently the conversations swirling around the family parlour.",0
P002292,P002292_S004,"He also developed a technique of speaking in clear, modulated tones directly into his mother's forehead wherein she would hear him with reasonable clarity.",0
P002292,P002292_S005,Bell's preoccupation with his mother's deafness led him to study acoustics.,0
P002293,P002293_S000,"His family was long associated with the teaching of elocution: his grandfather, Alexander Bell, in London, his uncle in Dublin, and his father, in Edinburgh, were all elocutionists.",1
P002293,P002293_S001,"His father published a variety of works on the subject, several of which are still well known, especially his The Standard Elocutionist (1860), which appeared in Edinburgh in 1868.",0
P002293,P002293_S002,The Standard Elocutionist appeared in 168 British editions and sold over a quarter of a million copies in the United States alone.,0
P002293,P002293_S003,"In this treatise, his father explains his methods of how to instruct deaf-mutes (as they were then known) to articulate words and read other people's lip movements to decipher meaning.",0
P002293,P002293_S004,Bell's father taught him and his brothers not only to write Visible Speech but to identify any symbol and its accompanying sound.,0
P002293,P002293_S005,Bell became so proficient that he became a part of his father's public demonstrations and astounded audiences with his abilities.,0
P002293,P002293_S006,"He could decipher Visible Speech representing virtually every language, including Latin, Scottish Gaelic, and even Sanskrit, accurately reciting written tracts without any prior knowledge of their pronunciation.",0
P002294,P002294_S000,"As a young child, Bell, like his brothers, received his early schooling at home from his father.",0
P002294,P002294_S001,"At an early age, however, he was enrolled at the Royal High School, Edinburgh, Scotland, which he left at age 15, completing only the first four forms.",0
P002294,P002294_S002,"His school record was undistinguished, marked by absenteeism and lacklustre grades.",0
P002294,P002294_S003,"His main interest remained in the sciences, especially biology, while he treated other school subjects with indifference, to the dismay of his demanding father.",0
P002294,P002294_S004,"Upon leaving school, Bell travelled to London to live with his grandfather, Alexander Bell.",0
P002294,P002294_S005,"During the year he spent with his grandfather, a love of learning was born, with long hours spent in serious discussion and study.",0
P002294,P002294_S006,"The elder Bell took great efforts to have his young pupil learn to speak clearly and with conviction, the attributes that his pupil would need to become a teacher himself.",0
P002294,P002294_S007,"At age 16, Bell secured a position as a ""pupil-teacher"" of elocution and music, in Weston House Academy, at Elgin, Moray, Scotland.",0
P002294,P002294_S008,"Although he was enrolled as a student in Latin and Greek, he instructed classes himself in return for board and £10 per session.",0
P002294,P002294_S009,"The following year, he attended the University of Edinburgh; joining his older brother Melville who had enrolled there the previous year.",0
P002294,P002294_S010,"In 1868, not long before he departed for Canada with his family, Bell completed his matriculation exams and was accepted for admission to the University of London.",0
P002295,P002295_S000,"His father encouraged Bell's interest in speech and, in 1863, took his sons to see a unique automaton, developed by Sir Charles Wheatstone based on the earlier work of Baron Wolfgang von Kempelen.",1
P002295,P002295_S001,"The rudimentary ""mechanical man"" simulated a human voice.",0
P002295,P002295_S002,"Bell was fascinated by the machine and after he obtained a copy of von Kempelen's book, published in German, and had laboriously translated it, he and his older brother Melville built their own automaton head.",0
P002295,P002295_S003,"Their father, highly interested in their project, offered to pay for any supplies and spurred the boys on with the enticement of a ""big prize"" if they were successful.",0
P002295,P002295_S004,"While his brother constructed the throat and larynx, Bell tackled the more difficult task of recreating a realistic skull.",0
P002295,P002295_S005,"His efforts resulted in a remarkably lifelike head that could ""speak"", albeit only a few words.",0
P002295,P002295_S006,"The boys would carefully adjust the ""lips"" and when a bellows forced air through the windpipe, a very recognizable ""Mama"" ensued, to the delight of neighbors who came to see the Bell invention.",0
P002296,P002296_S000,"Intrigued by the results of the automaton, Bell continued to experiment with a live subject, the family's Skye Terrier, ""Trouve"".",1
P002296,P002296_S001,"After he taught it to growl continuously, Bell would reach into its mouth and manipulate the dog's lips and vocal cords to produce a crude-sounding ""Ow ah oo ga ma ma"".",1
P002296,P002296_S002,"With little convincing, visitors believed his dog could articulate ""How are you grandma?""",0
P002296,P002296_S003,"More indicative of his playful nature, his experiments convinced onlookers that they saw a ""talking dog"".",0
P002296,P002296_S004,"However, these initial forays into experimentation with sound led Bell to undertake his first serious work on the transmission of sound, using tuning forks to explore resonance.",0
P002297,P002297_S000,"At the age of 19, he wrote a report on his work and sent it to philologist Alexander Ellis, a colleague of his father (who would later be portrayed as Professor Henry Higgins in Pygmalion).",1
P002297,P002297_S001,"Ellis immediately wrote back indicating that the experiments were similar to existing work in Germany, and also lent Bell a copy of Hermann von Helmholtz's work, The Sensations of Tone as a Physiological Basis for the Theory of Music.",1
P002298,P002298_S000,"Dismayed to find that groundbreaking work had already been undertaken by Helmholtz who had conveyed vowel sounds by means of a similar tuning fork ""contraption"", he pored over the German scientist's book.",1
P002298,P002298_S001,"Working from his own erroneous mistranslation of a French edition, Bell fortuitously then made a deduction that would be the underpinning of all his future work on transmitting sound, reporting: ""Without knowing much about the subject, it seemed to me that if vowel sounds could be produced by electrical means, so could consonants, so could articulate speech.""",1
P002298,P002298_S002,"He also later remarked: ""I thought that Helmholtz had done it ... and that my failure was due only to my ignorance of electricity.",0
P002298,P002298_S003,It was a valuable blunder ...,0
P002298,P002298_S004,"If I had been able to read German in those days, I might never have commenced my experiments!",0
P002298,P002298_S005,"""[N 7]",0
P002299,P002299_S000,"In 1865, when the Bell family moved to London, Bell returned to Weston House as an assistant master and, in his spare hours, continued experiments on sound using a minimum of laboratory equipment.",1
P002299,P002299_S001,Bell concentrated on experimenting with electricity to convey sound and later installed a telegraph wire from his room in Somerset College to that of a friend.,0
P002299,P002299_S002,"Throughout late 1867, his health faltered mainly through exhaustion.",0
P002299,P002299_S003,"His younger brother, Edward ""Ted,"" was similarly bed-ridden, suffering from tuberculosis.",0
P002299,P002299_S004,"While Bell recovered (by then referring to himself in correspondence as ""A.G. Bell"") and served the next year as an instructor at Somerset College, Bath, England, his brother's condition deteriorated.",0
P002299,P002299_S005,Edward would never recover.,0
P002299,P002299_S006,"Upon his brother's death, Bell returned home in 1867.",0
P002299,P002299_S007,His older brother Melville had married and moved out.,0
P002299,P002299_S008,"With aspirations to obtain a degree at University College London, Bell considered his next years as preparation for the degree examinations, devoting his spare time at his family's residence to studying.",0
P002300,P002300_S000,"Helping his father in Visible Speech demonstrations and lectures brought Bell to Susanna E. Hull's private school for the deaf in South Kensington, London.",1
P002300,P002300_S001,"His first two pupils were ""deaf mute"" girls who made remarkable progress under his tutelage.",0
P002300,P002300_S002,"While his older brother seemed to achieve success on many fronts including opening his own elocution school, applying for a patent on an invention, and starting a family, Bell continued as a teacher.",1
P002300,P002300_S003,"However, in May 1870, Melville died from complications due to tuberculosis, causing a family crisis.",0
P002300,P002300_S004,His father had also suffered a debilitating illness earlier in life and had been restored to health by a convalescence in Newfoundland.,0
P002300,P002300_S005,Bell's parents embarked upon a long-planned move when they realized that their remaining son was also sickly.,0
P002300,P002300_S006,"Acting decisively, Alexander Melville Bell asked Bell to arrange for the sale of all the family property,[N 8] conclude all of his brother's affairs (Bell took over his last student, curing a pronounced lisp), and join his father and mother in setting out for the ""New World"".",0
P002300,P002300_S007,"Reluctantly, Bell also had to conclude a relationship with Marie Eccleston, who, as he had surmised, was not prepared to leave England with him.",0
P002301,P002301_S000,"In 1870, at age 23, Bell, his brother's widow, Caroline (Margaret Ottaway), and his parents travelled on the SS Nestorian to Canada.",1
P002301,P002301_S001,"After landing at Quebec City the Bells transferred to another steamer to Montreal and then boarded a train to Paris, Ontario, to stay with the Reverend Thomas Henderson, a family friend.",1
P002301,P002301_S002,"After a brief stay with the Hendersons, the Bell family purchased a farm of 10.5 acres (42,000 m2) at Tutelo Heights (now called Tutela Heights), near Brantford, Ontario.",1
P002301,P002301_S003,"The property consisted of an orchard, large farm house, stable, pigsty, hen-house, and a carriage house, which bordered the Grand River.",0
P002301,P002301_S004,[N 9],0
P002302,P002302_S000,"At the homestead, Bell set up his own workshop in the converted carriage house near to what he called his ""dreaming place"", a large hollow nestled in trees at the back of the property above the river.",1
P002302,P002302_S001,"Despite his frail condition upon arriving in Canada, Bell found the climate and environs to his liking, and rapidly improved.",0
P002302,P002302_S002,"[N 10] He continued his interest in the study of the human voice and when he discovered the Six Nations Reserve across the river at Onondaga, he learned the Mohawk language and translated its unwritten vocabulary into Visible Speech symbols.",1
P002302,P002302_S003,"For his work, Bell was awarded the title of Honorary Chief and participated in a ceremony where he donned a Mohawk headdress and danced traditional dances.",1
P002302,P002302_S004,[N 11],0
P002303,P002303_S000,"After setting up his workshop, Bell continued experiments based on Helmholtz's work with electricity and sound.",1
P002303,P002303_S001,He also modified a melodeon (a type of pump organ) so that it could transmit its music electrically over a distance.,0
P002303,P002303_S002,"Once the family was settled in, both Bell and his father made plans to establish a teaching practice and in 1871, he accompanied his father to Montreal, where Melville was offered a position to teach his System of Visible Speech.",1
P002304,P002304_S000,"Bell's father was invited by Sarah Fuller, principal of the Boston School for Deaf Mutes (which continues today as the public Horace Mann School for the Deaf), in Boston, Massachusetts, to introduce the Visible Speech System by providing training for Fuller's instructors, but he declined the post in favor of his son.",1
P002304,P002304_S001,"Traveling to Boston in April 1871, Bell proved successful in training the school's instructors.",1
P002304,P002304_S002,"He was subsequently asked to repeat the program at the American Asylum for Deaf-mutes in Hartford, Connecticut, and the Clarke School for the Deaf in Northampton, Massachusetts.",1
P002305,P002305_S000,"Returning home to Brantford after six months abroad, Bell continued his experiments with his ""harmonic telegraph"".",1
P002305,P002305_S001,"[N 12] The basic concept behind his device was that messages could be sent through a single wire if each message was transmitted at a different pitch, but work on both the transmitter and receiver was needed.",1
P002306,P002306_S000,"Unsure of his future, he first contemplated returning to London to complete his studies, but decided to return to Boston as a teacher.",1
P002306,P002306_S001,"His father helped him set up his private practice by contacting Gardiner Greene Hubbard, the president of the Clarke School for the Deaf for a recommendation.",1
P002306,P002306_S002,"Teaching his father's system, in October 1872, Alexander Bell opened his ""School of Vocal Physiology and Mechanics of Speech"" in Boston, which attracted a large number of deaf pupils, with his first class numbering 30 students.",1
P002306,P002306_S003,"While he was working as a private tutor, one of his most famous pupils was Helen Keller, who came to him as a young child unable to see, hear, or speak.",0
P002306,P002306_S004,"She was later to say that Bell dedicated his life to the penetration of that ""inhuman silence which separates and estranges.""",0
P002306,P002306_S005,"In 1893, Keller performed the sod-breaking ceremony for the construction of the new Bell's new Volta Bureau, dedicated to ""the increase and diffusion of knowledge relating to the deaf"".",0
P002307,P002307_S000,"Several influential people of the time, including Bell, viewed deafness as something that should be eradicated, and also believed that with resources and effort they could teach the deaf to speak and avoid the use of sign language, thus enabling their integration within the wider society from which many were often being excluded.",1
P002307,P002307_S001,"In several schools, children were mistreated, for example by having their hands tied behind their backs so they could not communicate by signing—the only language they knew—in an attempt to force them to attempt oral communication.",1
P002307,P002307_S002,"Owing to his efforts to suppress the teaching of sign language, Bell is often viewed negatively by those embracing Deaf culture.",0
P002308,P002308_S000,"In the following year, Bell became professor of Vocal Physiology and Elocution at the Boston University School of Oratory.",1
P002308,P002308_S001,"During this period, he alternated between Boston and Brantford, spending summers in his Canadian home.",0
P002308,P002308_S002,"At Boston University, Bell was ""swept up"" by the excitement engendered by the many scientists and inventors residing in the city.",0
P002308,P002308_S003,"He continued his research in sound and endeavored to find a way to transmit musical notes and articulate speech, but although absorbed by his experiments, he found it difficult to devote enough time to experimentation.",0
P002308,P002308_S004,"While days and evenings were occupied by his teaching and private classes, Bell began to stay awake late into the night, running experiment after experiment in rented facilities at his boarding house.",0
P002308,P002308_S005,"Keeping ""night owl"" hours, he worried that his work would be discovered and took great pains to lock up his notebooks and laboratory equipment.",0
P002308,P002308_S006,Bell had a specially made table where he could place his notes and equipment inside a locking cover.,0
P002308,P002308_S007,"Worse still, his health deteriorated as he suffered severe headaches.",0
P002308,P002308_S008,"Returning to Boston in fall 1873, Bell made a fateful decision to concentrate on his experiments in sound.",0
P002309,P002309_S000,"Deciding to give up his lucrative private Boston practice, Bell retained only two students, six-year-old ""Georgie"" Sanders, deaf from birth, and 15-year-old Mabel Hubbard.",1
P002309,P002309_S001,Each pupil would play an important role in the next developments.,0
P002309,P002309_S002,"George's father, Thomas Sanders, a wealthy businessman, offered Bell a place to stay in nearby Salem with Georgie's grandmother, complete with a room to ""experiment"".",1
P002309,P002309_S003,"Although the offer was made by George's mother and followed the year-long arrangement in 1872 where her son and his nurse had moved to quarters next to Bell's boarding house, it was clear that Mr. Sanders was backing the proposal.",0
P002309,P002309_S004,"The arrangement was for teacher and student to continue their work together, with free room and board thrown in.",0
P002309,P002309_S005,"Mabel was a bright, attractive girl who was ten years Bell's junior, but became the object of his affection.",0
P002309,P002309_S006,"Having lost her hearing after a near-fatal bout of scarlet fever close to her fifth birthday,[N 13] she had learned to read lips but her father, Gardiner Greene Hubbard, Bell's benefactor and personal friend, wanted her to work directly with her teacher.",0
P002310,P002310_S000,"By 1874, Bell's initial work on the harmonic telegraph had entered a formative stage, with progress made both at his new Boston ""laboratory"" (a rented facility) and at his family home in Canada a big success.",1
P002310,P002310_S001,"[N 14] While working that summer in Brantford, Bell experimented with a ""phonautograph"", a pen-like machine that could draw shapes of sound waves on smoked glass by tracing their vibrations.",1
P002310,P002310_S002,Bell thought it might be possible to generate undulating electrical currents that corresponded to sound waves.,0
P002310,P002310_S003,Bell also thought that multiple metal reeds tuned to different frequencies like a harp would be able to convert the undulating currents back into sound.,0
P002310,P002310_S004,But he had no working model to demonstrate the feasibility of these ideas.,0
P002311,P002311_S000,"In 1874, telegraph message traffic was rapidly expanding and in the words of Western Union President William Orton, had become ""the nervous system of commerce"".",1
P002311,P002311_S001,Orton had contracted with inventors Thomas Edison and Elisha Gray to find a way to send multiple telegraph messages on each telegraph line to avoid the great cost of constructing new lines.,1
P002311,P002311_S002,"When Bell mentioned to Gardiner Hubbard and Thomas Sanders that he was working on a method of sending multiple tones on a telegraph wire using a multi-reed device, the two wealthy patrons began to financially support Bell's experiments.",1
P002311,P002311_S003,"Patent matters would be handled by Hubbard's patent attorney, Anthony Pollok.",0
P002312,P002312_S000,"In March 1875, Bell and Pollok visited the famous scientist Joseph Henry, who was then director of the Smithsonian Institution, and asked Henry's advice on the electrical multi-reed apparatus that Bell hoped would transmit the human voice by telegraph.",1
P002312,P002312_S001,"Henry replied that Bell had ""the germ of a great invention"".",0
P002312,P002312_S002,"When Bell said that he did not have the necessary knowledge, Henry replied, ""Get it!""",0
P002312,P002312_S003,"That declaration greatly encouraged Bell to keep trying, even though he did not have the equipment needed to continue his experiments, nor the ability to create a working model of his ideas.",0
P002312,P002312_S004,"However, a chance meeting in 1874 between Bell and Thomas A. Watson, an experienced electrical designer and mechanic at the electrical machine shop of Charles Williams, changed all that.",0
P002313,P002313_S000,"With financial support from Sanders and Hubbard, Bell hired Thomas Watson as his assistant,[N 15] and the two of them experimented with acoustic telegraphy.",1
P002313,P002313_S001,"On June 2, 1875, Watson accidentally plucked one of the reeds and Bell, at the receiving end of the wire, heard the overtones of the reed; overtones that would be necessary for transmitting speech.",1
P002313,P002313_S002,"That demonstrated to Bell that only one reed or armature was necessary, not multiple reeds.",0
P002313,P002313_S003,"This led to the ""gallows"" sound-powered telephone, which could transmit indistinct, voice-like sounds, but not clear speech.",0
P002314,P002314_S000,"In 1875, Bell developed an acoustic telegraph and drew up a patent application for it.",1
P002314,P002314_S001,"Since he had agreed to share U.S. profits with his investors Gardiner Hubbard and Thomas Sanders, Bell requested that an associate in Ontario, George Brown, attempt to patent it in Britain, instructing his lawyers to apply for a patent in the U.S. only after they received word from Britain (Britain would issue patents only for discoveries not previously patented elsewhere).",1
P002315,P002315_S000,"Meanwhile, Elisha Gray was also experimenting with acoustic telegraphy and thought of a way to transmit speech using a water transmitter.",1
P002315,P002315_S001,"On February 14, 1876, Gray filed a caveat with the U.S. Patent Office for a telephone design that used a water transmitter.",1
P002315,P002315_S002,"That same morning, Bell's lawyer filed Bell's application with the patent office.",0
P002315,P002315_S003,There is considerable debate about who arrived first and Gray later challenged the primacy of Bell's patent.,0
P002315,P002315_S004,Bell was in Boston on February 14 and did not arrive in Washington until February 26.,0
P002316,P002316_S000,"Bell's patent 174,465, was issued to Bell on March 7, 1876, by the U.S. Patent Office.",1
P002316,P002316_S001,"Bell's patent covered ""the method of, and apparatus for, transmitting vocal or other sounds telegraphically ... by causing electrical undulations, similar in form to the vibrations of the air accompanying the said vocal or other sound"" [N 16] Bell returned to Boston the same day and the next day resumed work, drawing in his notebook a diagram similar to that in Gray's patent caveat.",1
P002317,P002317_S000,"On March 10, 1876, three days after his patent was issued, Bell succeeded in getting his telephone to work, using a liquid transmitter similar to Gray's design.",1
P002317,P002317_S001,"Vibration of the diaphragm caused a needle to vibrate in the water, varying the electrical resistance in the circuit.",1
P002317,P002317_S002,"When Bell spoke the famous sentence ""Mr. Watson—Come here—I want to see you"" into the liquid transmitter, Watson, listening at the receiving end in an adjoining room, heard the words clearly.",1
P002318,P002318_S000,"Although Bell was, and still is, accused of stealing the telephone from Gray, Bell used Gray's water transmitter design only after Bell's patent had been granted, and only as a proof of concept scientific experiment, to prove to his own satisfaction that intelligible ""articulate speech"" (Bell's words) could be electrically transmitted.",1
P002318,P002318_S001,"After March 1876, Bell focused on improving the electromagnetic telephone and never used Gray's liquid transmitter in public demonstrations or commercial use.",0
P002319,P002319_S000,The question of priority for the variable resistance feature of the telephone was raised by the examiner before he approved Bell's patent application.,0
P002319,P002319_S001,He told Bell that his claim for the variable resistance feature was also described in Gray's caveat.,0
P002319,P002319_S002,"Bell pointed to a variable resistance device in Bell's previous application in which Bell described a cup of mercury, not water.",0
P002319,P002319_S003,"Bell had filed the mercury application at the patent office a year earlier on February 25, 1875, long before Elisha Gray described the water device.",0
P002319,P002319_S004,"In addition, Gray abandoned his caveat, and because he did not contest Bell's priority, the examiner approved Bell's patent on March 3, 1876.",0
P002319,P002319_S005,"Gray had reinvented the variable resistance telephone, but Bell was the first to write down the idea and the first to test it in a telephone.",0
P002320,P002320_S000,"The patent examiner, Zenas Fisk Wilber, later stated in an affidavit that he was an alcoholic who was much in debt to Bell's lawyer, Marcellus Bailey, with whom he had served in the Civil War.",1
P002320,P002320_S001,He claimed he showed Gray's patent caveat to Bailey.,0
P002320,P002320_S002,Wilber also claimed (after Bell arrived in Washington D.C. from Boston) that he showed Gray's caveat to Bell and that Bell paid him $100.,0
P002320,P002320_S003,"Bell claimed they discussed the patent only in general terms, although in a letter to Gray, Bell admitted that he learned some of the technical details.",0
P002320,P002320_S004,Bell denied in an affidavit that he ever gave Wilber any money.,0
P002321,P002321_S000,"Continuing his experiments in Brantford, Bell brought home a working model of his telephone.",1
P002321,P002321_S001,"On August 3, 1876, from the telegraph office in Mount Pleasant five miles (eight km) away from Brantford, Bell sent a tentative telegram indicating that he was ready.",1
P002321,P002321_S002,"With curious onlookers packed into the office as witnesses, faint voices were heard replying.",0
P002321,P002321_S003,"The following night, he amazed guests as well as his family when a message was received at the Bell home from Brantford, four miles (six km) distant, along an improvised wire strung up along telegraph lines and fences, and laid through a tunnel.",1
P002321,P002321_S004,"This time, guests at the household distinctly heard people in Brantford reading and singing.",0
P002321,P002321_S005,These experiments clearly proved that the telephone could work over long distances.,0
P002322,P002322_S000,"Bell and his partners, Hubbard and Sanders, offered to sell the patent outright to Western Union for $100,000.",0
P002322,P002322_S001,"The president of Western Union balked, countering that the telephone was nothing but a toy.",0
P002322,P002322_S002,"Two years later, he told colleagues that if he could get the patent for $25 million he would consider it a bargain.",0
P002322,P002322_S003,"By then, the Bell company no longer wanted to sell the patent.",0
P002322,P002322_S004,"Bell's investors would become millionaires, while he fared well from residuals and at one point had assets of nearly one million dollars.",0
P002323,P002323_S000,Bell began a series of public demonstrations and lectures to introduce the new invention to the scientific community as well as the general public.,0
P002323,P002323_S001,"A short time later, his demonstration of an early telephone prototype at the 1876 Centennial Exposition in Philadelphia brought the telephone to international attention.",0
P002323,P002323_S002,Influential visitors to the exhibition included Emperor Pedro II of Brazil.,1
P002323,P002323_S003,"Later Bell had the opportunity to demonstrate the invention personally to Sir William Thomson (later, Lord Kelvin), a renowned Scottish scientist, as well as to Queen Victoria, who had requested a private audience at Osborne House, her Isle of Wight home.",1
P002323,P002323_S004,"She called the demonstration ""most extraordinary"".",0
P002323,P002323_S005,The enthusiasm surrounding Bell's public displays laid the groundwork for universal acceptance of the revolutionary device.,0
P002324,P002324_S000,"The Bell Telephone Company was created in 1877, and by 1886, more than 150,000 people in the U.S. owned telephones.",1
P002324,P002324_S001,"Bell Company engineers made numerous other improvements to the telephone, which emerged as one of the most successful products ever.",0
P002324,P002324_S002,"In 1879, the Bell company acquired Edison's patents for the carbon microphone from Western Union.",1
P002324,P002324_S003,"This made the telephone practical for longer distances, and it was no longer necessary to shout to be heard at the receiving telephone.",0
P002325,P002325_S000,"In January 1915, Bell made the first ceremonial transcontinental telephone call.",1
P002325,P002325_S001,"Calling from the AT&T head office at 15 Dey Street in New York City, Bell was heard by Thomas Watson at 333 Grant Avenue in San Francisco.",1
P002325,P002325_S002,The New York Times reported:,1
P002326,P002326_S000,"As is sometimes common in scientific discoveries, simultaneous developments can occur, as evidenced by a number of inventors who were at work on the telephone.",1
P002326,P002326_S001,"Over a period of 18 years, the Bell Telephone Company faced 587 court challenges to its patents, including five that went to the U.S. Supreme Court, but none was successful in establishing priority over the original Bell patent and the Bell Telephone Company never lost a case that had proceeded to a final trial stage.",1
P002326,P002326_S002,Bell's laboratory notes and family letters were the key to establishing a long lineage to his experiments.,0
P002326,P002326_S003,The Bell company lawyers successfully fought off myriad lawsuits generated initially around the challenges by Elisha Gray and Amos Dolbear.,0
P002326,P002326_S004,"In personal correspondence to Bell, both Gray and Dolbear had acknowledged his prior work, which considerably weakened their later claims.",0
P002327,P002327_S000,"On January 13, 1887, the U,S.",1
P002327,P002327_S001,Government moved to annul the patent issued to Bell on the grounds of fraud and misrepresentation.,0
P002327,P002327_S002,"After a series of decisions and reversals, the Bell company won a decision in the Supreme Court, though a couple of the original claims from the lower court cases were left undecided.",1
P002327,P002327_S003,"By the time that the trial wound its way through nine years of legal battles, the U.S. prosecuting attorney had died and the two Bell patents (No.",0
P002327,P002327_S004,"174,465 dated March 7, 1876 and No.",0
P002327,P002327_S005,"186,787 dated January 30, 1877) were no longer in effect, although the presiding judges agreed to continue the proceedings due to the case's importance as a ""precedent"".",0
P002327,P002327_S006,"With a change in administration and charges of conflict of interest (on both sides) arising from the original trial, the US Attorney General dropped the lawsuit on November 30, 1897 leaving several issues undecided on the merits.",0
P002328,P002328_S000,"During a deposition filed for the 1887 trial, Italian inventor Antonio Meucci also claimed to have created the first working model of a telephone in Italy in 1834.",1
P002328,P002328_S001,"In 1886, in the first of three cases in which he was involved, Meucci took the stand as a witness in the hopes of establishing his invention's priority.",0
P002328,P002328_S002,"Meucci's evidence in this case was disputed due to a lack of material evidence for his inventions as his working models were purportedly lost at the laboratory of American District Telegraph (ADT) of New York, which was later incorporated as a subsidiary of Western Union in 1901.",1
P002328,P002328_S003,"Meucci's work, like many other inventors of the period, was based on earlier acoustic principles and despite evidence of earlier experiments, the final case involving Meucci was eventually dropped upon Meucci's death.",0
P002328,P002328_S004,"However, due to the efforts of Congressman Vito Fossella, the U.S. House of Representatives on June 11, 2002 stated that Meucci's ""work in the invention of the telephone should be acknowledged"", even though this did not put an end to a still contentious issue.",0
P002328,P002328_S005,[N 17] Some modern scholars do not agree with the claims that Bell's work on the telephone was influenced by Meucci's inventions.,0
P002328,P002328_S006,[N 18],0
P002329,P002329_S000,"The value of the Bell patent was acknowledged throughout the world, and patent applications were made in most major countries, but when Bell had delayed the German patent application, the electrical firm of Siemens & Halske (S&H) managed to set up a rival manufacturer of Bell telephones under their own patent.",1
P002329,P002329_S001,The Siemens company produced near-identical copies of the Bell telephone without having to pay royalties.,0
P002329,P002329_S002,"The establishment of the International Bell Telephone Company in Brussels, Belgium in 1880, as well as a series of agreements in other countries eventually consolidated a global telephone operation.",0
P002329,P002329_S003,"The strain put on Bell by his constant appearances in court, necessitated by the legal battles, eventually resulted in his resignation from the company.",0
P002329,P002329_S004,[N 19],0
P002330,P002330_S000,"On July 11, 1877, a few days after the Bell Telephone Company was established, Bell married Mabel Hubbard (1857–1923) at the Hubbard estate in Cambridge, Massachusetts.",1
P002330,P002330_S001,"His wedding present to his bride was to turn over 1,487 of his 1,497 shares in the newly formed Bell Telephone Company.",0
P002330,P002330_S002,"Shortly thereafter, the newlyweds embarked on a year-long honeymoon in Europe.",0
P002330,P002330_S003,"During that excursion, Bell took a handmade model of his telephone with him, making it a ""working holiday"".",0
P002330,P002330_S004,"The courtship had begun years earlier; however, Bell waited until he was more financially secure before marrying.",0
P002330,P002330_S005,"Although the telephone appeared to be an ""instant"" success, it was not initially a profitable venture and Bell's main sources of income were from lectures until after 1897.",0
P002330,P002330_S006,"One unusual request exacted by his fiancée was that he use ""Alec"" rather than the family's earlier familiar name of ""Aleck"".",0
P002330,P002330_S007,"From 1876, he would sign his name ""Alec Bell"".",0
P002330,P002330_S008,They had four children:,0
P002331,P002331_S000,"The Bell family home was in Cambridge, Massachusetts, until 1880 when Bell's father-in-law bought a house in Washington, D.C., and later in 1882 bought a home in the same city for Bell's family, so that they could be with him while he attended to the numerous court cases involving patent disputes.",1
P002332,P002332_S000,"Bell was a British subject throughout his early life in Scotland and later in Canada until 1882, when he became a naturalized citizen of the United States.",1
P002332,P002332_S001,"In 1915, he characterized his status as: ""I am not one of those hyphenated Americans who claim allegiance to two countries.""",0
P002332,P002332_S002,"Despite this declaration, Bell has been proudly claimed as a ""native son"" by all three countries he resided in: the United States, Canada, and the United Kingdom.",1
P002333,P002333_S000,"By 1885, a new summer retreat was contemplated.",0
P002333,P002333_S001,"That summer, the Bells had a vacation on Cape Breton Island in Nova Scotia, spending time at the small village of Baddeck.",1
P002333,P002333_S002,"Returning in 1886, Bell started building an estate on a point across from Baddeck, overlooking Bras d'Or Lake.",0
P002333,P002333_S003,"By 1889, a large house, christened The Lodge was completed and two years later, a larger complex of buildings, including a new laboratory, were begun that the Bells would name Beinn Bhreagh (Gaelic: beautiful mountain) after Bell's ancestral Scottish highlands.",1
P002333,P002333_S004,"[N 21] Bell also built the Bell Boatyard on the estate, employing up to 40 people building experimental craft as well as wartime lifeboats and workboats for the Royal Canadian Navy and pleasure craft for the Bell family.",1
P002333,P002333_S005,"An enthusiastic boater, Bell and his family sailed or rowed a long series of vessels on Bras d'Or Lake, ordering additional vessels from the H.W.",0
P002333,P002333_S006,"Embree and Sons boatyard in Port Hawkesbury, Nova Scotia.",0
P002333,P002333_S007,"In his final, and some of his most productive years, Bell split his residency between Washington, D.C., where he and his family initially resided for most of the year, and at Beinn Bhreagh where they spent increasing amounts of time.",0
P002334,P002334_S000,"Until the end of his life, Bell and his family would alternate between the two homes, but Beinn Bhreagh would, over the next 30 years, become more than a summer home as Bell became so absorbed in his experiments that his annual stays lengthened.",1
P002334,P002334_S001,"Both Mabel and Bell became immersed in the Baddeck community and were accepted by the villagers as ""their own"".",1
P002334,P002334_S002,"[N 22] The Bells were still in residence at Beinn Bhreagh when the Halifax Explosion occurred on December 6, 1917.",1
P002334,P002334_S003,Mabel and Bell mobilized the community to help victims in Halifax.,0
P002335,P002335_S000,"Although Alexander Graham Bell is most often associated with the invention of the telephone, his interests were extremely varied.",1
P002335,P002335_S001,"According to one of his biographers, Charlotte Gray, Bell's work ranged ""unfettered across the scientific landscape"" and he often went to bed voraciously reading the Encyclopædia Britannica, scouring it for new areas of interest.",1
P002335,P002335_S002,The range of Bell's inventive genius is represented only in part by the 18 patents granted in his name alone and the 12 he shared with his collaborators.,0
P002335,P002335_S003,"These included 14 for the telephone and telegraph, four for the photophone, one for the phonograph, five for aerial vehicles, four for ""hydroairplanes"" and two for selenium cells.",0
P002335,P002335_S004,"Bell's inventions spanned a wide range of interests and included a metal jacket to assist in breathing, the audiometer to detect minor hearing problems, a device to locate icebergs, investigations on how to separate salt from seawater, and work on finding alternative fuels.",1
P002336,P002336_S000,Bell worked extensively in medical research and invented techniques for teaching speech to the deaf.,1
P002336,P002336_S001,"During his Volta Laboratory period, Bell and his associates considered impressing a magnetic field on a record as a means of reproducing sound.",1
P002336,P002336_S002,"Although the trio briefly experimented with the concept, they could not develop a workable prototype.",0
P002336,P002336_S003,"They abandoned the idea, never realizing they had glimpsed a basic principle which would one day find its application in the tape recorder, the hard disc and floppy disc drive and other magnetic media.",0
P002337,P002337_S000,"Bell's own home used a primitive form of air conditioning, in which fans blew currents of air across great blocks of ice.",1
P002337,P002337_S001,He also anticipated modern concerns with fuel shortages and industrial pollution.,0
P002337,P002337_S002,"Methane gas, he reasoned, could be produced from the waste of farms and factories.",0
P002337,P002337_S003,"At his Canadian estate in Nova Scotia, he experimented with composting toilets and devices to capture water from the atmosphere.",0
P002337,P002337_S004,"In a magazine interview published shortly before his death, he reflected on the possibility of using solar panels to heat houses.",0
P002338,P002338_S000,"Bell and his assistant Charles Sumner Tainter jointly invented a wireless telephone, named a photophone, which allowed for the transmission of both sounds and normal human conversations on a beam of light.",1
P002338,P002338_S001,Both men later became full associates in the Volta Laboratory Association.,1
P002339,P002339_S000,"On June 21, 1880, Bell's assistant transmitted a wireless voice telephone message a considerable distance, from the roof of the Franklin School in Washington, D.C., to Bell at the window of his laboratory, some 213 metres (700 ft) away, 19 years before the first voice radio transmissions.",1
P002340,P002340_S000,"Bell believed the photophone's principles were his life's ""greatest achievement"", telling a reporter shortly before his death that the photophone was ""the greatest invention [I have] ever made, greater than the telephone"".",1
P002340,P002340_S001,The photophone was a precursor to the fiber-optic communication systems which achieved popular worldwide usage in the 1980s.,1
P002340,P002340_S002,"Its master patent was issued in December 1880, many decades before the photophone's principles came into popular use.",0
P002341,P002341_S000,Bell is also credited with developing one of the early versions of a metal detector in 1881.,0
P002341,P002341_S001,The device was quickly put together in an attempt to find the bullet in the body of U.S. President James Garfield.,1
P002341,P002341_S002,"According to some accounts, the metal detector worked flawlessly in tests but did not find the assassin's bullet partly because the metal bed frame on which the President was lying disturbed the instrument, resulting in static.",1
P002341,P002341_S003,"The president's surgeons, who were skeptical of the device, ignored Bell's requests to move the president to a bed not fitted with metal springs.",0
P002341,P002341_S004,"Alternatively, although Bell had detected a slight sound on his first test, the bullet may have been lodged too deeply to be detected by the crude apparatus.",0
P002342,P002342_S000,"Bell's own detailed account, presented to the American Association for the Advancement of Science in 1882, differs in several particulars from most of the many and varied versions now in circulation, most notably by concluding that extraneous metal was not to blame for failure to locate the bullet.",1
P002342,P002342_S001,"Perplexed by the peculiar results he had obtained during an examination of Garfield, Bell ""...proceeded to the Executive Mansion the next morning...to ascertain from the surgeons whether they were perfectly sure that all metal had been removed from the neighborhood of the bed.",1
P002342,P002342_S002,It was then recollected that underneath the horse-hair mattress on which the President lay was another mattress composed of steel wires.,0
P002342,P002342_S003,"Upon obtaining a duplicate, the mattress was found to consist of a sort of net of woven steel wires, with large meshes.",0
P002342,P002342_S004,"The extent of the [area that produced a response from the detector] having been so small, as compared with the area of the bed, it seemed reasonable to conclude that the steel mattress had produced no detrimental effect.""",0
P002342,P002342_S005,"In a footnote, Bell adds that ""The death of President Garfield and the subsequent post-mortem examination, however, proved that the bullet was at too great a distance from the surface to have affected our apparatus.""",0
P002343,P002343_S000,The March 1906 Scientific American article by American pioneer William E. Meacham explained the basic principle of hydrofoils and hydroplanes.,1
P002343,P002343_S001,Bell considered the invention of the hydroplane as a very significant achievement.,0
P002343,P002343_S002,Based on information gained from that article he began to sketch concepts of what is now called a hydrofoil boat.,0
P002343,P002343_S003,"Bell and assistant Frederick W. ""Casey"" Baldwin began hydrofoil experimentation in the summer of 1908 as a possible aid to airplane takeoff from water.",0
P002343,P002343_S004,Baldwin studied the work of the Italian inventor Enrico Forlanini and began testing models.,0
P002343,P002343_S005,This led him and Bell to the development of practical hydrofoil watercraft.,0
P002344,P002344_S000,"During his world tour of 1910–11, Bell and Baldwin met with Forlanini in France.",0
P002344,P002344_S001,They had rides in the Forlanini hydrofoil boat over Lake Maggiore.,0
P002344,P002344_S002,Baldwin described it as being as smooth as flying.,0
P002344,P002344_S003,"On returning to Baddeck, a number of initial concepts were built as experimental models, including the Dhonnas Beag, the first self-propelled Bell-Baldwin hydrofoil.",0
P002344,P002344_S004,"The experimental boats were essentially proof-of-concept prototypes that culminated in the more substantial HD-4, powered by Renault engines.",0
P002344,P002344_S005,"A top speed of 54 miles per hour (87 km/h) was achieved, with the hydrofoil exhibiting rapid acceleration, good stability and steering along with the ability to take waves without difficulty.",0
P002344,P002344_S006,"In 1913, Dr. Bell hired Walter Pinaud, a Sydney yacht designer and builder as well as the proprietor of Pinaud's Yacht Yard in Westmount, Nova Scotia to work on the pontoons of the HD-4.",1
P002344,P002344_S007,"Pinaud soon took over the boatyard at Bell Laboratories on Beinn Bhreagh, Bell's estate near Baddeck, Nova Scotia.",0
P002344,P002344_S008,Pinaud's experience in boat-building enabled him to make useful design changes to the HD-4.,0
P002344,P002344_S009,"After the First World War, work began again on the HD-4.",0
P002344,P002344_S010,Bell's report to the U.S. Navy permitted him to obtain two 350 horsepower (260 kilowatts) engines in July 1919.,0
P002344,P002344_S011,"On September 9, 1919, the HD-4 set a world marine speed record of 70.86 miles per hour (114.04 kilometres per hour), a record which stood for ten years.",0
P002345,P002345_S000,"In 1898, Bell experimented with tetrahedral box kites and wings constructed of multiple compound tetrahedral kites covered in maroon silk.",1
P002345,P002345_S001,"[N 23] The tetrahedral wings were named Cygnet I, II and III, and were flown both unmanned and manned (Cygnet I crashed during a flight carrying Selfridge) in the period from 1907–1912.",1
P002345,P002345_S002,Some of Bell's kites are on display at the Alexander Graham Bell National Historic Site.,1
P002346,P002346_S000,"Bell was a supporter of aerospace engineering research through the Aerial Experiment Association (AEA), officially formed at Baddeck, Nova Scotia, in October 1907 at the suggestion of his wife Mabel and with her financial support after the sale of some of her real estate.",1
P002346,P002346_S001,"The AEA was headed by Bell and the founding members were four young men: American Glenn H. Curtiss, a motorcycle manufacturer at the time and who held the title ""world's fastest man"", having ridden his self-constructed motor bicycle around in the shortest time, and who was later awarded the Scientific American Trophy for the first official one-kilometre flight in the Western hemisphere, and who later became a world-renowned airplane manufacturer; Lieutenant Thomas Selfridge, an official observer from the U.S. Federal government and one of the few people in the army who believed that aviation was the future; Frederick W. Baldwin, the first Canadian and first British subject to pilot a public flight in Hammondsport, New York, and J.A.D.",1
P002346,P002346_S002,McCurdy —Baldwin and McCurdy being new engineering graduates from the University of Toronto.,0
P002347,P002347_S000,"The AEA's work progressed to heavier-than-air machines, applying their knowledge of kites to gliders.",1
P002347,P002347_S001,"Moving to Hammondsport, the group then designed and built the Red Wing, framed in bamboo and covered in red silk and powered by a small air-cooled engine.",0
P002347,P002347_S002,"On March 12, 1908, over Keuka Lake, the biplane lifted off on the first public flight in North America.",0
P002347,P002347_S003,[N 24] [N 25] The innovations that were incorporated into this design included a cockpit enclosure and tail rudder (later variations on the original design would add ailerons as a means of control).,0
P002347,P002347_S004,"One of the AEA's inventions, a practical wingtip form of the aileron, was to become a standard component on all aircraft.",0
P002347,P002347_S005,"[N 26] The White Wing and June Bug were to follow and by the end of 1908, over 150 flights without mishap had been accomplished.",0
P002347,P002347_S006,"However, the AEA had depleted its initial reserves and only a $15,000 grant from Mrs. Bell allowed it to continue with experiments.",0
P002347,P002347_S007,"Lt. Selfridge had also become the first person killed in a powered heavier-than-air flight in a crash of the Wright Flyer at Fort Myer, Virginia, on September 17, 1908.",0
P002348,P002348_S000,"Their final aircraft design, the Silver Dart, embodied all of the advancements found in the earlier machines.",1
P002348,P002348_S001,"On February 23, 1909, Bell was present as the Silver Dart flown by J.A.D.",1
P002348,P002348_S002,"McCurdy from the frozen ice of Bras d'Or, made the first aircraft flight in Canada.",0
P002348,P002348_S003,Bell had worried that the flight was too dangerous and had arranged for a doctor to be on hand.,0
P002348,P002348_S004,"With the successful flight, the AEA disbanded and the Silver Dart would revert to Baldwin and McCurdy who began the Canadian Aerodrome Company and would later demonstrate the aircraft to the Canadian Army.",1
P002349,P002349_S000,Bell was connected with the eugenics movement in the United States.,1
P002349,P002349_S001,"In his lecture Memoir upon the formation of a deaf variety of the human race presented to the National Academy of Sciences on November 13, 1883 he noted that congenitally deaf parents were more likely to produce deaf children and tentatively suggested that couples where both parties were deaf should not marry.",1
P002349,P002349_S002,"However, it was his hobby of livestock breeding which led to his appointment to biologist David Starr Jordan's Committee on Eugenics, under the auspices of the American Breeders' Association.",0
P002349,P002349_S003,The committee unequivocally extended the principle to man.,0
P002349,P002349_S004,"From 1912 until 1918 he was the chairman of the board of scientific advisers to the Eugenics Record Office associated with Cold Spring Harbor Laboratory in New York, and regularly attended meetings.",0
P002349,P002349_S005,"In 1921, he was the honorary president of the Second International Congress of Eugenics held under the auspices of the American Museum of Natural History in New York.",0
P002349,P002349_S006,"Organisations such as these advocated passing laws (with success in some states) that established the compulsory sterilization of people deemed to be, as Bell called them, a ""defective variety of the human race.""",0
P002349,P002349_S007,"By the late 1930s, about half the states in the U.S. had eugenics laws, and California's compulsory sterilization law was used as a model for that of Nazi Germany.",0
P002350,P002350_S000,"A large number of Bell's writings, personal correspondence, notebooks, papers and other documents reside at both the United States Library of Congress Manuscript Division (as the Alexander Graham Bell Family Papers), and at the Alexander Graham Bell Institute, Cape Breton University, Nova Scotia; major portions of which are available for online viewing.",1
P002351,P002351_S000,"In 1880, Bell received the Volta Prize with a purse of 50,000 francs (approximately US$250,000 in today's dollars) for the invention of the telephone from the Académie française, representing the French government.",1
P002351,P002351_S001,Among the luminaries who judged were Victor Hugo and Alexandre Dumas.,0
P002351,P002351_S002,"The Volta Prize was conceived by Napoleon Bonaparte in 1801, and named in honor of Alessandro Volta, with Bell receiving the third grand prize in its history.",1
P002351,P002351_S003,"Since Bell was becoming increasingly affluent, he used his prize money to create endowment funds (the 'Volta Fund') and institutions in and around the United States capital of Washington, D.C..",0
P002351,P002351_S004,"These included the prestigious 'Volta Laboratory Association' (1880), also known as the Volta Laboratory and as the 'Alexander Graham Bell Laboratory', and which eventually led to the Volta Bureau (1887) as a center for studies on deafness which is still in operation in Georgetown, Washington, D.C.",1
P002351,P002351_S005,"The Volta Laboratory became an experimental facility devoted to scientific discovery, and the very next year it improved Edison's phonograph by substituting wax for tinfoil as the recording medium and incising the recording rather than indenting it, key upgrades that Edison himself later adopted.",0
P002351,P002351_S006,"The laboratory was also the site where he and his associate invented his ""proudest achievement"", ""the photophone"", the ""optical telephone"" which presaged fibre optical telecommunications, while the Volta Bureau would later evolve into the Alexander Graham Bell Association for the Deaf and Hard of Hearing (the AG Bell), a leading center for the research and pedagogy of deafness.",0
P002352,P002352_S000,"In partnership with Gardiner Greene Hubbard, Bell helped establish the publication Science during the early 1880s.",1
P002352,P002352_S001,"In 1898, Bell was elected as the second president of the National Geographic Society, serving until 1903, and was primarily responsible for the extensive use of illustrations, including photography, in the magazine.",1
P002352,P002352_S002,he also became a Regent of the Smithsonian Institution (1898–1922).,0
P002352,P002352_S003,"The French government conferred on him the decoration of the Légion d'honneur (Legion of Honor); the Royal Society of Arts in London awarded him the Albert Medal in 1902; the University of Würzburg, Bavaria, granted him a PhD, and he was awarded the Franklin Institute's Elliott Cresson Medal in 1912.",1
P002352,P002352_S004,"He was one of the founders of the American Institute of Electrical Engineers in 1884, and served as its president from 1891–92.",0
P002352,P002352_S005,"Bell was later awarded the AIEE's Edison Medal in 1914 ""For meritorious achievement in the invention of the telephone"".",0
P002353,P002353_S000,Honors and tributes flowed to Bell in increasing numbers as his most famous invention became ubiquitous and his personal fame grew.,1
P002353,P002353_S001,"Bell received numerous honorary degrees from colleges and universities, to the point that the requests almost became burdensome.",0
P002353,P002353_S002,"During his life he also received dozens of major awards, medals and other tributes.",0
P002353,P002353_S003,"These included statuary monuments to both him and the new form of communication his telephone created, notably the Bell Telephone Memorial erected in his honor in Alexander Graham Bell Gardens in Brantford, Ontario, in 1917.",1
P002354,P002354_S000,"In 1936 the US Patent Office declared Bell first on its list of the country's greatest inventors, leading to the US Post Office issuing a commemorative stamp honoring Bell in 1940 as part of its 'Famous Americans Series'.",1
P002354,P002354_S001,"The First Day of Issue ceremony was held on October 28 in Boston, Massachusetts, the city where Bell spent considerable time on research and working with the deaf.",1
P002354,P002354_S002,The Bell stamp became very popular and sold out in little time.,0
P002354,P002354_S003,"The stamp became, and remains to this day, the most valuable one of the series.",0
P002355,P002355_S000,The 150th anniversary of Bell's birth in 1997 was marked by a special issue of commemorative £1 banknotes from the Royal Bank of Scotland.,1
P002355,P002355_S001,"The illustrations on the reverse of the note include Bell's face in profile, his signature, and objects from Bell's life and career: users of the telephone over the ages; an audio wave signal; a diagram of a telephone receiver; geometric shapes from engineering structures; representations of sign language and the phonetic alphabet; the geese which helped him to understand flight; and the sheep which he studied to understand genetics.",1
P002355,P002355_S002,"Additionally, the Government of Canada honored Bell in 1997 with a C$100 gold coin, in tribute also to the 150th anniversary of his birth, and with a silver dollar coin in 2009 in honor of the 100th anniversary of flight in Canada.",1
P002355,P002355_S003,"That first flight was made by an airplane designed under Dr. Bell's tutelage, named the Silver Dart.",0
P002355,P002355_S004,"Bell's image, and also those of his many inventions have graced paper money, coinage and postal stamps in numerous countries worldwide for many dozens of years.",0
P002356,P002356_S000,"Alexander Graham Bell was ranked 57th among the 100 Greatest Britons (2002) in an official BBC nationwide poll, and among the Top Ten Greatest Canadians (2004), and the 100 Greatest Americans (2005).",1
P002356,P002356_S001,In 2006 Bell was also named as one of the 10 greatest Scottish scientists in history after having been listed in the National Library of Scotland's 'Scottish Science Hall of Fame'.,1
P002356,P002356_S002,"Bell's name is still widely known and used as part of the names of dozens of educational institutes, corporate namesakes, street and place names around the world.",1
P002357,P002357_S000,"Bell died of complications arising from diabetes on August 2, 1922, at his private estate, Beinn Bhreagh, Nova Scotia, at age 75.",1
P002357,P002357_S001,Bell had also been afflicted with pernicious anemia.,0
P002357,P002357_S002,"His last view of the land he had inhabited was by moonlight on his mountain estate at 2:00 a.m.[N 29][N 30] While tending to him after his long illness, Mabel, his wife, whispered, ""Don't leave me.""",1
P002357,P002357_S003,"By way of reply, Bell traced the sign for ""no"" in the air —and then he died.",0
P002358,P002358_S000,"Bell's coffin was constructed of Beinn Bhreagh pine by his laboratory staff, lined with the same red silk fabric used in his tetrahedral kite experiments.",1
P002358,P002358_S001,"To help celebrate his life, his wife asked guests not to wear black (the traditional funeral color) while attending his service, during which soloist Jean MacDonald sang a verse of Robert Louis Stevenson's ""Requiem"":",1
P002359,P002359_S000,"Dr. Alexander Graham Bell was buried atop Beinn Bhreagh mountain, on his estate where he had resided increasingly for the last 35 years of his life, overlooking Bras d'Or Lake.",1
P002359,P002359_S001,"He was survived by his wife Mabel, his two daughters, Elsie May and Marian, and nine of his grandchildren.",1
P002360,P002360_S000,The bel (B) and the smaller decibel (dB) are units of measurement of sound intensity invented by Bell Labs and named after him.,1
P002360,P002360_S001,[N 28] Since 1976 the IEEE's Alexander Graham Bell Medal has been awarded to honor outstanding contributions in the field of telecommunications.,1
P002361,P002361_S000,"A pub /pʌb/, or public house is, despite its name, a private house, but is called a public house because it is licensed to sell alcohol to the general public.",1
P002361,P002361_S001,"It is a drinking establishment in Britain, Ireland, New Zealand, Australia, Canada, Denmark and New England.",1
P002361,P002361_S002,"In many places, especially in villages, a pub can be the focal point of the community.",0
P002361,P002361_S003,The writings of Samuel Pepys describe the pub as the heart of England.,0
P002362,P002362_S000,"The history of pubs can be traced back to Roman taverns, through the Anglo-Saxon alehouse to the development of the modern tied house system in the 19th century.",1
P002363,P002363_S000,"Historically, pubs have been socially and culturally distinct from cafés, bars and German beer halls.",0
P002363,P002363_S001,"Most pubs offer a range of beers, wines, spirits, and soft drinks and snacks.",0
P002363,P002363_S002,"Traditionally the windows of town pubs were of smoked or frosted glass to obscure the clientele from the street but from the 1990s onwards, there has been a move towards clear glass, in keeping with brighter interiors.",1
P002364,P002364_S000,"The owner, tenant or manager (licensee) of a pub is properly known as the ""pub landlord"".",1
P002364,P002364_S001,The term publican (in historical Roman usage a public contractor or tax farmer) has come into use since Victorian times to designate the pub landlord.,1
P002364,P002364_S002,"Known as ""locals"" to regulars, pubs are typically chosen for their proximity to home or work, the availability of a particular beer, as a place to smoke (or avoid it), hosting a darts team, having a pool or snooker table, or appealing to friends.",1
P002365,P002365_S000,"Until the 1970s most of the larger pubs also featured an off-sales counter or attached shop for the sales of beers, wines and spirits for home consumption.",1
P002365,P002365_S001,"In the 1970s the newly built supermarkets and high street chain stores or off-licences undercut the pub prices to such a degree that within ten years all but a handful of pubs had closed their off-sale counters, which had often been referred to colloquially as the jug and bottle.",1
P002366,P002366_S000,"The inhabitants of the British Isles have been drinking ale since the Bronze Age, but it was with the arrival of the Roman Empire in its shores in the 1st Century, and the construction of the Roman road networks that the first inns, called tabernae, in which travellers could obtain refreshment began to appear.",1
P002366,P002366_S001,"After the departure of Roman authority in the 5th Century and the fall of the Romano-British kingdoms, the Anglo-Saxons established alehouses that grew out of domestic dwellings, the Anglo-Saxon alewife would put a green bush up on a pole to let people know her brew was ready.",1
P002366,P002366_S002,"These alehouses quickly evolved into meeting houses for the folk to socially congregate, gossip and arrange mutual help within their communities.",0
P002366,P002366_S003,"Herein lies the origin of the modern public house, or ""Pub"" as it is colloquially called in England.",0
P002366,P002366_S004,"They rapidly spread across the Kingdom, becoming so commonplace that in 965 King Edgar decreed that there should be no more than one alehouse per village.",0
P002367,P002367_S000,"A traveller in the early Middle Ages could obtain overnight accommodation in monasteries, but later a demand for hostelries grew with the popularity of pilgrimages and travel.",1
P002367,P002367_S001,The Hostellers of London were granted guild status in 1446 and in 1514 the guild became the Worshipful Company of Innholders.,1
P002368,P002368_S000,"Inns are buildings where travellers can seek lodging and, usually, food and drink.",0
P002368,P002368_S001,They are typically located in the country or along a highway.,0
P002368,P002368_S002,"In Europe, they possibly first sprang up when the Romans built a system of roads two millennia ago.",0
P002368,P002368_S003,[citation needed] Some inns in Europe are several centuries old.,0
P002368,P002368_S004,"In addition to providing for the needs of travellers, inns traditionally acted as community gathering places.",0
P002369,P002369_S000,"In Europe, it is the provision of accommodation, if anything, that now distinguishes inns from taverns, alehouses and pubs.",0
P002369,P002369_S001,"The latter tend to provide alcohol (and, in the UK, soft drinks and often food), but less commonly accommodation.",0
P002369,P002369_S002,"Inns tend to be older and grander establishments: historically they provided not only food and lodging, but also stabling and fodder for the traveller's horse(s) and on some roads fresh horses for the mail coach.",0
P002369,P002369_S003,"Famous London inns include The George, Southwark and The Tabard.",0
P002369,P002369_S004,There is however no longer a formal distinction between an inn and other kinds of establishment.,0
P002369,P002369_S005,"Many pubs use ""Inn"" in their name, either because they are long established former coaching inns, or to summon up a particular kind of image, or in many cases simply as a pun on the word ""in"", as in ""The Welcome Inn"", the name of many pubs in Scotland.",1
P002370,P002370_S000,"The original services of an inn are now also available at other establishments, such as hotels, lodges, and motels, which focus more on lodging customers than on other services, although they usually provide meals; pubs, which are primarily alcohol-serving establishments; and restaurants and taverns, which serve food and drink.",1
P002370,P002370_S001,"In North America, the lodging aspect of the word ""inn"" lives on in hotel brand names like Holiday Inn, and in some state laws that refer to lodging operators as innkeepers.",1
P002371,P002371_S000,"The Inns of Court and Inns of Chancery in London started as ordinary inns where barristers met to do business, but became institutions of the legal profession in England and Wales.",1
P002372,P002372_S000,Traditional English ale was made solely from fermented malt.,0
P002372,P002372_S001,The practice of adding hops to produce beer was introduced from the Netherlands in the early 15th century.,1
P002372,P002372_S002,"Alehouses would each brew their own distinctive ale, but independent breweries began to appear in the late 17th century.",0
P002372,P002372_S003,By the end of the century almost all beer was brewed by commercial breweries.,0
P002373,P002373_S000,"The 18th century saw a huge growth in the number of drinking establishments, primarily due to the introduction of gin.",1
P002373,P002373_S001,"Gin was brought to England by the Dutch after the Glorious Revolution of 1688 and became very popular after the government created a market for ""cuckoo grain"" or ""cuckoo malt"" that was unfit to be used in brewing and distilling by allowing unlicensed gin and beer production, while imposing a heavy duty on all imported spirits.",1
P002373,P002373_S002,"As thousands of gin-shops sprang up all over England, brewers fought back by increasing the number of alehouses.",1
P002373,P002373_S003,"By 1740 the production of gin had increased to six times that of beer and because of its cheapness it became popular with the poor, leading to the so-called Gin Craze.",0
P002373,P002373_S004,"Over half of the 15,000 drinking establishments in London were gin shops.",0
P002374,P002374_S000,The drunkenness and lawlessness created by gin was seen to lead to ruination and degradation of the working classes.,0
P002374,P002374_S001,The distinction[clarification needed] was illustrated by William Hogarth in his engravings Beer Street and Gin Lane.,1
P002374,P002374_S002,The Gin Act 1736 imposed high taxes on retailers and led to riots in the streets.,1
P002374,P002374_S003,The prohibitive duty was gradually reduced and finally abolished in 1742.,0
P002374,P002374_S004,The Gin Act 1751 however was more successful.,0
P002374,P002374_S005,It forced distillers to sell only to licensed retailers and brought gin shops under the jurisdiction of local magistrates.,0
P002375,P002375_S000,"By the early 19th century, encouraged by lower duties on gin, the gin houses or ""Gin Palaces"" had spread from London to most cities and towns in Britain, with most of the new establishments illegal and unlicensed.",1
P002375,P002375_S001,"These bawdy, loud and unruly drinking dens so often described by Charles Dickens in his Sketches by Boz (published 1835–1836) increasingly came to be held as unbridled cesspits of immorality or crime and the source of much ill-health and alcoholism among the working classes.",1
P002376,P002376_S000,"Under a banner of ""reducing public drunkenness"" the Beer Act of 1830 introduced a new lower tier of premises permitted to sell alcohol, the Beer Houses.",1
P002376,P002376_S001,"At the time beer was viewed as harmless, nutritious and even healthy.",0
P002376,P002376_S002,"Young children were often given what was described as small beer, which was brewed to have a low alcohol content, as the local water was often unsafe.",0
P002376,P002376_S003,Even the evangelical church and temperance movements of the day viewed the drinking of beer very much as a secondary evil and a normal accompaniment to a meal.,0
P002376,P002376_S004,"The freely available beer was thus intended to wean the drinkers off the evils of gin, or so the thinking went.",0
P002377,P002377_S000,"Under the 1830 Act any householder who paid rates could apply, with a one-off payment of two guineas (roughly equal in value to £168 today), to sell beer or cider in his home (usually the front parlour) and even to brew his own on his premises.",1
P002377,P002377_S001,"The permission did not extend to the sale of spirits and fortified wines, and any beer house discovered selling those items was closed down and the owner heavily fined.",0
P002377,P002377_S002,Beer houses were not permitted to open on Sundays.,0
P002377,P002377_S003,The beer was usually served in jugs or dispensed directly from tapped wooden barrels on a table in the corner of the room.,0
P002377,P002377_S004,"Often profits were so high the owners were able to buy the house next door to live in, turning every room in their former home into bars and lounges for customers.",0
P002378,P002378_S000,"In the first year, 400 beer houses opened and within eight years there were 46,000 across the country, far outnumbering the combined total of long-established taverns, pubs, inns and hotels.",1
P002378,P002378_S001,"Because it was so easy to obtain permission and the profits could be huge compared to the low cost of gaining permission, the number of beer houses was continuing to rise and in some towns nearly every other house in a street could be a beer house.",1
P002378,P002378_S002,Finally in 1869 the growth had to be checked by magisterial control and new licensing laws were introduced.,0
P002378,P002378_S003,"Only then was it made harder to get a licence, and the licensing laws which operate today were formulated.",0
P002379,P002379_S000,"Although the new licensing laws prevented new beer houses from being created, those already in existence were allowed to continue and many did not close until nearly the end of the 19th century.",1
P002379,P002379_S001,A very small number remained into the 21st century.,0
P002379,P002379_S002,The vast majority of the beer houses applied for the new licences and became full pubs.,0
P002379,P002379_S003,"These usually small establishments can still be identified in many towns, seemingly oddly located in the middle of otherwise terraced housing part way up a street, unlike purpose-built pubs that are usually found on corners or road junctions.",0
P002379,P002379_S004,Many of today's respected real ale micro-brewers in the UK started as home based Beer House brewers under the 1830 Act.,1
P002380,P002380_S000,"The beer houses tended to avoid the traditional pub names like The Crown, The Red Lion, The Royal Oak etc.",1
P002380,P002380_S001,"and, if they did not simply name their place Smith's Beer House, they would apply topical pub names in an effort to reflect the mood of the times.",1
P002381,P002381_S000,"There was already regulation on public drinking spaces in the 17th and 18th centuries,[citation needed] and the income earned from licences was beneficial to the crown.",1
P002381,P002381_S001,"Tavern owners were required to possess a licence to sell ale, and a separate licence for distilled spirits.",1
P002382,P002382_S000,From the mid-19th century on the opening hours of licensed premises in the UK were restricted.,1
P002382,P002382_S001,"However licensing was gradually liberalised after the 1960s, until contested licensing applications became very rare, and the remaining administrative function was transferred to Local Authorities in 2005.",1
P002383,P002383_S000,The Wine and Beerhouse Act 1869 reintroduced the stricter controls of the previous century.,0
P002383,P002383_S001,"The sale of beers, wines or spirits required a licence for the premises from the local magistrates.",0
P002383,P002383_S002,"Further provisions regulated gaming, drunkenness, prostitution and undesirable conduct on licensed premises, enforceable by prosecution or more effectively by the landlord under threat of forfeiting his licence.",0
P002383,P002383_S003,"Licences were only granted, transferred or renewed at special Licensing Sessions courts, and were limited to respectable individuals.",0
P002383,P002383_S004,Often these were ex-servicemen or ex-policemen; retiring to run a pub was popular amongst military officers at the end of their service.,0
P002383,P002383_S005,"Licence conditions varied widely, according to local practice.",0
P002383,P002383_S006,"They would specify permitted hours, which might require Sunday closing, or conversely permit all-night opening near a market.",0
P002383,P002383_S007,"Typically they might require opening throughout the permitted hours, and the provision of food or lavatories.",0
P002383,P002383_S008,"Once obtained, licences were jealously protected by the licensees (who were expected to be generally present, not an absentee owner or company), and even ""Occasional Licences"" to serve drinks at temporary premises such as fêtes would usually be granted only to existing licensees.",0
P002383,P002383_S009,"Objections might be made by the police, rival landlords or anyone else on the grounds of infractions such as serving drunks, disorderly or dirty premises, or ignoring permitted hours.",0
P002384,P002384_S000,"Detailed licensing records were kept, giving the Public House, its address, owner, licensee and misdemeanours of the licensees, often going back for hundreds of years[citation needed].",1
P002384,P002384_S001,"Many of these records survive and can be viewed, for example, at the London Metropolitan Archives centre.",1
P002385,P002385_S000,"The restrictions were tightened by the Defence of the Realm Act of August 1914, which, along with the introduction of rationing and the censorship of the press for wartime purposes, restricted pubs' opening hours to 12 noon–2:30 pm and 6:30 pm–9:30 pm.",1
P002385,P002385_S001,"Opening for the full licensed hours was compulsory, and closing time was equally firmly enforced by the police; a landlord might lose his licence for infractions.",1
P002385,P002385_S002,"Pubs were closed under the Act and compensation paid, for example in Pembrokeshire.",1
P002386,P002386_S000,"There was a special case established under the State Management Scheme where the brewery and licensed premises were bought and run by the state until 1973, most notably in Carlisle.",1
P002386,P002386_S001,"During the 20th century elsewhere, both the licensing laws and enforcement were progressively relaxed, and there were differences between parishes; in the 1960s, at closing time in Kensington at 10:30 pm, drinkers would rush over the parish boundary to be in good time for ""Last Orders"" in Knightsbridge before 11 pm, a practice observed in many pubs adjoining licensing area boundaries.",1
P002386,P002386_S002,"Some Scottish and Welsh parishes remained officially ""dry"" on Sundays (although often this merely required knocking at the back door of the pub).",0
P002386,P002386_S003,These restricted opening hours led to the tradition of lock-ins.,0
P002387,P002387_S000,"However, closing times were increasingly disregarded in the country pubs.",0
P002387,P002387_S001,In England and Wales by 2000 pubs could legally open from 11 am (12 noon on Sundays) through to 11 pm (10:30 pm on Sundays).,0
P002387,P002387_S002,That year was also the first to allow continuous opening for 36 hours from 11 am on New Year's Eve to 11 pm on New Year's Day.,1
P002387,P002387_S003,"In addition, many cities had by-laws to allow some pubs to extend opening hours to midnight or 1 am, whilst nightclubs had long been granted late licences to serve alcohol into the morning.",0
P002387,P002387_S004,"Pubs near London's Smithfield market, Billingsgate fish market and Covent Garden fruit and flower market could stay open 24 hours a day since Victorian times to provide a service to the shift working employees of the markets.",1
P002388,P002388_S000,"Scotland's and Northern Ireland's licensing laws have long been more flexible, allowing local authorities to set pub opening and closing times.",1
P002388,P002388_S001,"In Scotland, this stemmed out of[clarification needed] a late repeal of the wartime licensing laws, which stayed in force until 1976.",1
P002389,P002389_S000,"The Licensing Act 2003, which came into force on 24 November 2005, consolidated the many laws into a single Act.",1
P002389,P002389_S001,This allowed pubs in England and Wales to apply to the local council for the opening hours of their choice.,0
P002389,P002389_S002,"It was argued that this would end the concentration of violence around 11.30 pm, when people had to leave the pub, making policing easier.",0
P002389,P002389_S003,"In practice, alcohol-related hospital admissions rose following the change in the law, with alcohol involved in 207,800 admissions in 2006/7.",0
P002389,P002389_S004,"Critics claimed that these laws would lead to ""24-hour drinking"".",0
P002389,P002389_S005,"By the time the law came into effect, 60,326 establishments had applied for longer hours and 1,121 had applied for a licence to sell alcohol 24 hours a day.",0
P002389,P002389_S006,"However nine months later many pubs had not changed their hours, although some stayed open longer at the weekend, but rarely beyond 1:00 am.",0
P002390,P002390_S000,"A ""lock-in"" is when a pub owner lets drinkers stay in the pub after the legal closing time, on the theory that once the doors are locked, it becomes a private party rather than a pub.",1
P002390,P002390_S001,"Patrons may put money behind the bar before official closing time, and redeem their drinks during the lock-in so no drinks are technically sold after closing time.",0
P002390,P002390_S002,"The origin of the British lock-in was a reaction to 1915 changes in the licensing laws in England and Wales, which curtailed opening hours to stop factory workers from turning up drunk and harming the war effort.",1
P002390,P002390_S003,"Since 1915, the UK licensing laws had changed very little, with comparatively early closing times.",0
P002390,P002390_S004,The tradition of the lock-in therefore remained.,0
P002390,P002390_S005,"Since the implementation of Licensing Act 2003, premises in England and Wales may apply to extend their opening hours beyond 11 pm, allowing round-the-clock drinking and removing much of the need for lock-ins.",0
P002390,P002390_S006,"Since the smoking ban, some establishments operated a lock-in during which the remaining patrons could smoke without repercussions but, unlike drinking lock-ins, allowing smoking in a pub was still a prosecutable offence.",0
P002391,P002391_S000,"In March 2006, a law was introduced to forbid smoking in all enclosed public places in Scotland.",1
P002391,P002391_S001,"Wales followed suit in April 2007, with England introducing the ban in July 2007.",1
P002391,P002391_S002,Pub landlords had raised concerns prior to the implementation of the law that a smoking ban would have a negative impact on sales.,0
P002391,P002391_S003,"After two years, the impact of the ban was mixed; some pubs suffered declining sales, while others developed their food sales.",0
P002391,P002391_S004,"The Wetherspoon pub chain reported in June 2009 that profits were at the top end of expectations; however, Scottish & Newcastle's takeover by Carlsberg and Heineken was reported in January 2008 as partly the result of its weakness following falling sales due to the ban.",0
P002391,P002391_S005,Similar bans are applied in Australian pubs with smoking only allowed in designated areas.,0
P002392,P002392_S000,By the end of the 18th century a new room in the pub was established: the saloon.,0
P002392,P002392_S001,"[citation needed] Beer establishments had always provided entertainment of some sort—singing, gaming or sport.",0
P002392,P002392_S002,"[citation needed] Balls Pond Road in Islington was named after an establishment run by a Mr Ball that had a duck pond at the rear, where drinkers could, for a fee, go out and take a potshot at the ducks.",1
P002392,P002392_S003,"More common, however, was a card room or a billiard room.",0
P002392,P002392_S004,"[citation needed] The saloon was a room where for an admission fee or a higher price of drinks, singing, dancing, drama or comedy was performed and drinks would be served at the table.",0
P002392,P002392_S005,[citation needed] From this came the popular music hall form of entertainment—a show consisting of a variety of acts.,0
P002392,P002392_S006,"[citation needed] A most famous London saloon was the Grecian Saloon in The Eagle, City Road, which is still famous because of a nursery rhyme: ""Up and down the City Road / In and out The Eagle / That's the way the money goes / Pop goes the weasel.""",1
P002392,P002392_S007,"This meant that the customer had spent all his money at The Eagle, and needed to pawn his ""weasel"" to get some more.",0
P002392,P002392_S008,"The meaning of the ""weasel"" is unclear but the two most likely definitions are: a flat iron used for finishing clothing; or rhyming slang for a coat (weasel and stoat).",0
P002393,P002393_S000,"A few pubs have stage performances such as serious drama, stand-up comedy, musical bands, cabaret or striptease; however juke boxes, karaoke and other forms of pre-recorded music have otherwise replaced the musical tradition of a piano or guitar and singing.",1
P002393,P002393_S001,[citation needed],0
P002394,P002394_S000,"By the 20th century, the saloon, or lounge bar, had become a middle-class room[citation needed]—carpets on the floor, cushions on the seats, and a penny or two on the prices,[citation needed] while the public bar, or tap room, remained working class with bare boards, sometimes with sawdust to absorb the spitting and spillages (known as ""spit and sawdust""), hard bench seats, and cheap beer[citation needed].",1
P002394,P002394_S001,This bar was known as the four-ale bar from the days when the cheapest beer served there cost 4 pence (4d) a quart.,1
P002394,P002394_S002,[citation needed],0
P002395,P002395_S000,"Later, the public bars gradually improved until sometimes almost the only difference was in the prices, so that customers could choose between economy and exclusivity (or youth and age, or a jukebox or dartboard).",0
P002395,P002395_S001,"[citation needed] With the blurring of class divisions in the 1960s and 1970s,[citation needed] the distinction between the saloon and the public bar was often seen as archaic,[citation needed] and was frequently abolished, usually by the removal of the dividing wall or partition.",0
P002395,P002395_S002,"[citation needed] While the names of saloon and public bar may still be seen on the doors of pubs, the prices (and often the standard of furnishings and decoration) are the same throughout the premises, and many pubs now comprise one large room.",0
P002395,P002395_S003,However the modern importance of dining in pubs encourages some establishments to maintain distinct rooms or areas.,0
P002396,P002396_S000,"The ""snug"", sometimes called the smoke room, was typically a small, very private room with access to the bar that had a frosted glass external window, set above head height.",1
P002396,P002396_S001,A higher price was paid for beer in the snug and nobody could look in and see the drinkers.,0
P002396,P002396_S002,It was not only the wealthy visitors who would use these rooms.,0
P002396,P002396_S003,The snug was for patrons who preferred not to be seen in the public bar.,0
P002396,P002396_S004,Ladies would often enjoy a private drink in the snug in a time when it was frowned upon for women to be in a pub.,0
P002396,P002396_S005,"The local police officer might nip in for a quiet pint, the parish priest for his evening whisky, or lovers for a rendezvous.",0
P002397,P002397_S000,"CAMRA have surveyed the 50,000 pubs in Britain and they believe that there are very few pubs that still have classic snugs.",1
P002397,P002397_S001,These are on a historic interiors list in order that they can be preserved.,1
P002398,P002398_S000,It was the pub that first introduced the concept of the bar counter being used to serve the beer.,1
P002398,P002398_S001,"Until that time beer establishments used to bring the beer out to the table or benches, as remains the practice in (for example) beer gardens and other drinking establishments in Germany.",0
P002398,P002398_S002,"A bar might be provided for the manager to do paperwork while keeping an eye on his or her customers, but the casks of ale were kept in a separate taproom.",0
P002398,P002398_S003,"When the first pubs were built, the main room was the public room with a large serving bar copied from the gin houses, the idea being to serve the maximum number of people in the shortest possible time.",0
P002398,P002398_S004,It became known as the public bar[citation needed].,0
P002398,P002398_S005,"The other, more private, rooms had no serving bar—they had the beer brought to them from the public bar.",0
P002398,P002398_S006,There are a number of pubs in the Midlands or the North which still retain this set up but these days the beer is fetched by the customer from the taproom or public bar.,0
P002398,P002398_S007,"One of these is The Vine, known locally as The Bull and Bladder, in Brierley Hill near Birmingham, another the Cock at Broom, Bedfordshire a series of small rooms served drinks and food by waiting staff.",0
P002398,P002398_S008,"In the Manchester district the public bar was known as the ""vault"", other rooms being the lounge and snug as usual elsewhere.",0
P002398,P002398_S009,By the early 1970s there was a tendency to change to one large drinking room and breweries were eager to invest in interior design and theming.,0
P002399,P002399_S000,"Isambard Kingdom Brunel, the British engineer and railway builder, introduced the idea of a circular bar into the Swindon station pub in order that customers were served quickly and did not delay his trains.",1
P002399,P002399_S001,These island bars became popular as they also allowed staff to serve customers in several different rooms surrounding the bar.,1
P002400,P002400_S000,"A ""beer engine"" is a device for pumping beer, originally manually operated and typically used to dispense beer from a cask or container in a pub's basement or cellar.",1
P002401,P002401_S000,"The first beer pump known in England is believed to have been invented by John Lofting (b. Netherlands 1659-d. Great Marlow Buckinghamshire 1742) an inventor, manufacturer and merchant of London.",1
P002402,P002402_S000,"The London Gazette of 17 March 1691 published a patent in favour of John Lofting for a fire engine, but remarked upon and recommended another invention of his, for a beer pump:",1
P002403,P002403_S000,"""Whereas their Majesties have been Graciously Pleased to grant Letters patent to John Lofting of London Merchant for a New Invented Engine for Extinguishing Fires which said Engine have found every great encouragement.",1
P002403,P002403_S001,The said Patentee hath also projected a Very Useful Engine for starting of beer and other liquors which will deliver from 20 to 30 barrels an hour which are completely fixed with Brass Joints and Screws at Reasonable Rates.,1
P002403,P002403_S002,"Any Person that hath occasion for the said Engines may apply themselves to the Patentee at his house near St Thomas Apostle London or to Mr. Nicholas Wall at the Workshoppe near Saddlers Wells at Islington or to Mr. William Tillcar, Turner, his agent at his house in Woodtree next door to the Sun Tavern London.""",1
P002404,P002404_S000,"Strictly the term refers to the pump itself, which is normally manually operated, though electrically powered and gas powered pumps are occasionally used.",0
P002404,P002404_S001,"When manually powered, the term ""handpump"" is often used to refer to both the pump and the associated handle.",0
P002405,P002405_S000,"After the development of the large London Porter breweries in the 18th century, the trend grew for pubs to become tied houses which could only sell beer from one brewery (a pub not tied in this way was called a Free house).",1
P002405,P002405_S001,The usual arrangement for a tied house was that the pub was owned by the brewery but rented out to a private individual (landlord) who ran it as a separate business (even though contracted to buy the beer from the brewery).,1
P002405,P002405_S002,"Another very common arrangement was (and is) for the landlord to own the premises (whether freehold or leasehold) independently of the brewer, but then to take a mortgage loan from a brewery, either to finance the purchase of the pub initially, or to refurbish it, and be required as a term of the loan to observe the solus tie.",1
P002406,P002406_S000,"A trend in the late 20th century was for breweries to run their pubs directly, using managers rather than tenants.",1
P002406,P002406_S001,"Most such breweries, such as the regional brewery Shepherd Neame in Kent and Young's and Fuller's in London, control hundreds of pubs in a particular region of the UK, while a few, such as Greene King, are spread nationally.",1
P002406,P002406_S002,"The landlord of a tied pub may be an employee of the brewery—in which case he/she would be a manager of a managed house, or a self-employed tenant who has entered into a lease agreement with a brewery, a condition of which is the legal obligation (trade tie) only to purchase that brewery's beer.",1
P002406,P002406_S003,The beer selection is mainly limited to beers brewed by that particular company.,0
P002406,P002406_S004,"The Beer Orders, passed in 1989, were aimed at getting tied houses to offer at least one alternative beer, known as a guest beer, from another brewery.",0
P002406,P002406_S005,This law has now been repealed but while in force it dramatically altered the industry.,0
P002406,P002406_S006,Some pubs still offer a regularly changing selection of guest beers.,0
P002407,P002407_S000,"Organisations such as Wetherspoons, Punch Taverns and O'Neill's were formed in the UK in the wake of the Beer Orders.",1
P002407,P002407_S001,"A PubCo is a company involved in the retailing but not the manufacture of beverages, while a Pub chain may be run either by a PubCo or by a brewery.",1
P002408,P002408_S000,"Pubs within a chain will usually have items in common, such as fittings, promotions, ambience and range of food and drink on offer.",1
P002408,P002408_S001,A pub chain will position itself in the marketplace for a target audience.,0
P002408,P002408_S002,One company may run several pub chains aimed at different segments of the market.,0
P002408,P002408_S003,"Pubs for use in a chain are bought and sold in large units, often from regional breweries which are then closed down.",0
P002408,P002408_S004,"Newly acquired pubs are often renamed by the new owners, and many people resent the loss of traditional names, especially if their favourite regional beer disappears at the same time.",0
P002409,P002409_S000,A brewery tap is the nearest outlet for a brewery's beers.,1
P002409,P002409_S001,"This is usually a room or bar in the brewery itself, though the name may be applied to the nearest pub.",1
P002409,P002409_S002,The term is not applied to a brewpub which brews and sells its beer on the same premises.,0
P002410,P002410_S000,"A ""country pub"" by tradition is a rural public house.",0
P002410,P002410_S001,"However, the distinctive culture surrounding country pubs, that of functioning as a social centre for a village and rural community, has been changing over the last thirty or so years.",0
P002410,P002410_S002,"In the past, many rural pubs provided opportunities for country folk to meet and exchange (often local) news, while others—especially those away from village centres—existed for the general purpose, before the advent of motor transport, of serving travellers as coaching inns.",1
P002411,P002411_S000,"In more recent years, however, many country pubs have either closed down, or have been converted to establishments intent on providing seating facilities for the consumption of food, rather than a venue for members of the local community meeting and convivially drinking.",1
P002412,P002412_S000,"Pubs that cater for a niche clientele, such as sports fans or people of certain nationalities are known as theme pubs.",1
P002412,P002412_S001,"Examples of theme pubs include sports bars, rock pubs, biker pubs, Goth pubs, strip pubs, gay bars, karaoke bars and Irish pubs.",1
P002413,P002413_S000,In 1393 King Richard II compelled landlords to erect signs outside their premises.,1
P002413,P002413_S001,"The legislation stated ""Whosoever shall brew ale in the town with intention of selling it must hang out a sign, otherwise he shall forfeit his ale.""",0
P002413,P002413_S002,"This was to make alehouses easily visible to passing inspectors, borough ale tasters, who would decide the quality of the ale they provided.",0
P002413,P002413_S003,"William Shakespeare's father, John Shakespeare, was one such inspector.",0
P002414,P002414_S000,Another important factor was that during the Middle Ages a large proportion of the population would have been illiterate and so pictures on a sign were more useful than words as a means of identifying a public house.,1
P002414,P002414_S001,"For this reason there was often no reason to write the establishment's name on the sign and inns opened without a formal written name, the name being derived later from the illustration on the pub's sign.",1
P002415,P002415_S000,"The earliest signs were often not painted but consisted, for example, of paraphernalia connected with the brewing process such as bunches of hops or brewing implements, which were suspended above the door of the pub.",1
P002415,P002415_S001,"In some cases local nicknames, farming terms and puns were used.",0
P002415,P002415_S002,Local events were often commemorated in pub signs.,0
P002415,P002415_S003,"Simple natural or religious symbols such as 'The Sun', 'The Star' and 'The Cross' were incorporated into pub signs, sometimes being adapted to incorporate elements of the heraldry (e.g.",0
P002415,P002415_S004,the coat of arms) of the local lords who owned the lands upon which the pub stood.,0
P002415,P002415_S005,Some pubs have Latin inscriptions.,0
P002416,P002416_S000,Other subjects that lent themselves to visual depiction included the name of battles (e.g.,0
P002416,P002416_S001,"Trafalgar), explorers, local notables, discoveries, sporting heroes and members of the royal family.",0
P002416,P002416_S002,Some pub signs are in the form of a pictorial pun or rebus.,0
P002416,P002416_S003,"For example, a pub in Crowborough, East Sussex called The Crow and Gate has an image of a crow with gates as wings.",1
P002417,P002417_S000,"Most British pubs still have decorated signs hanging over their doors, and these retain their original function of enabling the identification of the pub.",1
P002417,P002417_S001,"Today's pub signs almost always bear the name of the pub, both in words and in pictorial representation.",0
P002417,P002417_S002,The more remote country pubs often have stand-alone signs directing potential customers to their door.,0
P002418,P002418_S000,Pub names are used to identify and differentiate each pub.,0
P002418,P002418_S001,"Modern names are sometimes a marketing ploy or attempt to create ""brand awareness"", frequently using a comic theme thought to be memorable, Slug and Lettuce for a pub chain being an example.",1
P002418,P002418_S002,"Interesting origins are not confined to old or traditional names, however.",0
P002418,P002418_S003,Names and their origins can be broken up into a relatively small number of categories.,0
P002419,P002419_S000,"As many pubs are centuries old, many of their early customers were unable to read, and pictorial signs could be readily recognised when lettering and words could not be read.",1
P002420,P002420_S000,Pubs often have traditional names.,0
P002420,P002420_S001,"A common name is the ""Marquis of Granby"".",0
P002420,P002420_S002,"These pubs were named after John Manners, Marquess of Granby, who was the son of John Manners, 3rd Duke of Rutland and a general in the 18th century British Army.",1
P002420,P002420_S003,"He showed a great concern for the welfare of his men, and on their retirement, provided funds for many of them to establish taverns, which were subsequently named after him.",0
P002420,P002420_S004,"All pubs granted their licence in 1780 were called the Royal George[citation needed], after King George III, and the twentieth anniversary of his coronation.",1
P002421,P002421_S000,"Many names for pubs that appear nonsensical may have come from corruptions of old slogans or phrases, such as ""The Bag o'Nails"" (Bacchanals), ""The Goat and Compasses"" (God Encompasseth Us), ""The Cat and the Fiddle"" (Chaton Fidèle: Faithful Kitten) and ""The Bull and Bush"", which purportedly celebrates the victory of Henry VIII at ""Boulogne Bouche"" or Boulogne-sur-Mer Harbour.",1
P002422,P002422_S000,"Traditional games are played in pubs, ranging from the well-known darts, skittles, dominoes, cards and bar billiards, to the more obscure Aunt Sally, Nine Men's Morris and ringing the bull.",1
P002422,P002422_S001,"In the UK betting is legally limited to certain games such as cribbage or dominoes, played for small stakes.",1
P002422,P002422_S002,In recent decades the game of pool (both the British and American versions) has increased in popularity as well as other table based games such as snooker or Table Football becoming common.,1
P002423,P002423_S000,"Increasingly, more modern games such as video games and slot machines are provided.",0
P002423,P002423_S001,"Pubs hold special events, from tournaments of the aforementioned games to karaoke nights to pub quizzes.",1
P002423,P002423_S002,"Some play pop music and hip-hop (dance bar), or show football and rugby union on big screen televisions (sports bar).",1
P002423,P002423_S003,Shove ha'penny and Bat and trap were also popular in pubs south of London.,0
P002424,P002424_S000,Some pubs in the UK also have football teams composed of regular customers.,1
P002424,P002424_S001,"Many of these teams are in leagues that play matches on Sundays, hence the term ""Sunday League Football"".",1
P002424,P002424_S002,Bowling is found in association with pubs in some parts of the country and the local team will play matches against teams invited from elsewhere on the pub's bowling green.,1
P002425,P002425_S000,Pubs may be venues for pub songs and live music.,0
P002425,P002425_S001,"During the 1970s pubs provided an outlet for a number of bands, such as Kilburn and the High Roads, Dr. Feelgood and The Kursaal Flyers, who formed a musical genre called Pub rock that was a precursor to Punk music.",1
P002426,P002426_S000,"Many pubs were drinking establishments, and little emphasis was placed on the serving of food, other than sandwiches and ""bar snacks"", such as pork scratchings, pickled eggs, salted crisps and peanuts which helped to increase beer sales.",1
P002426,P002426_S001,"In South East England (especially London) it was common until recent times for vendors selling cockles, whelks, mussels, and other shellfish to sell to customers during the evening and at closing time.",1
P002426,P002426_S002,"Many mobile shellfish stalls would set up near pubs, a practice that continues in London's East End.",0
P002426,P002426_S003,"Otherwise, pickled cockles and mussels may be offered by the pub in jars or packets.",0
P002427,P002427_S000,"In the 1950s some British pubs would offer ""a pie and a pint"", with hot individual steak and ale pies made easily on the premises by the proprietor's wife during the lunchtime opening hours.",1
P002427,P002427_S001,The ploughman's lunch became popular in the late 1960s.,0
P002427,P002427_S002,"In the late 1960s ""chicken in a basket"", a portion of roast chicken with chips, served on a napkin, in a wicker basket became popular due to its convenience.",1
P002428,P002428_S000,Quality dropped but variety increased with the introduction of microwave ovens and freezer food.,0
P002428,P002428_S001,"""Pub grub"" expanded to include British food items such as steak and ale pie, shepherd's pie, fish and chips, bangers and mash, Sunday roast, ploughman's lunch, and pasties.",1
P002428,P002428_S002,"In addition, dishes such as burgers, chicken wings, lasagne and chilli con carne are often served.",0
P002428,P002428_S003,"Some pubs offer elaborate hot and cold snacks free to customers at Sunday lunchtimes, to prevent them getting hungry and leaving for their lunch at home.",0
P002429,P002429_S000,"Since the 1990s food has become a more important part of a pub's trade, and today most pubs serve lunches and dinners at the table in addition to (or instead of) snacks consumed at the bar.",1
P002429,P002429_S001,They may have a separate dining room.,0
P002429,P002429_S002,"Some pubs serve meals to a higher standard, to match good restaurant standards; these are sometimes termed gastropubs.",0
P002430,P002430_S000,A gastropub concentrates on quality food.,0
P002430,P002430_S001,"The name is a portmanteau of pub and gastronomy and was coined in 1991 when David Eyre and Mike Belben took over The Eagle pub in Clerkenwell, London.",1
P002430,P002430_S002,"The concept of a restaurant in a pub reinvigorated both pub culture and British dining, though has occasionally attracted criticism for potentially removing the character of traditional pubs.",1
P002431,P002431_S000,"CAMRA maintains a ""National Inventory"" of historical notability and of architecturally and decoratively notable pubs.",0
P002431,P002431_S001,"The National Trust owns thirty-six public houses of historic interest including the George Inn, Southwark, London and The Crown Liquor Saloon, Belfast, Northern Ireland.",1
P002432,P002432_S000,"The highest pub in the United Kingdom is the Tan Hill Inn, Yorkshire, at 1,732 feet (528 m) above sea level.",1
P002432,P002432_S001,"The remotest pub on the British mainland is The Old Forge in the village of Inverie, Lochaber, Scotland.",1
P002432,P002432_S002,"There is no road access and it may only be reached by an 18-mile (29 km) walk over mountains, or a 7-mile (11 km) sea crossing.",1
P002432,P002432_S003,"Likewise, The Berney Arms in Norfolk has no road access.",0
P002432,P002432_S004,"It may be reached by foot or by boat, and by train as it is served by the nearby Berney Arms railway station, which likewise has no road access and serves no other settlement.",0
P002433,P002433_S000,"A number of pubs claim to be the oldest surviving establishment in the United Kingdom, although in several cases original buildings have been demolished and replaced on the same site.",1
P002433,P002433_S001,Others are ancient buildings that saw uses other than as a pub during their history.,0
P002433,P002433_S002,"Ye Olde Fighting Cocks in St Albans, Hertfordshire, holds the Guinness World Record for the oldest pub in England, as it is an 11th-century structure on an 8th-century site.",1
P002433,P002433_S003,"Ye Olde Trip to Jerusalem in Nottingham is claimed to be the ""oldest inn in England"".",0
P002433,P002433_S004,"It has a claimed date of 1189, based on the fact it is constructed on the site of the Nottingham Castle brewhouse; the present building dates from around 1650.",1
P002433,P002433_S005,"Likewise, The Nags Head in Burntwood, Staffordshire only dates back to the 16th century, but there has been a pub on the site since at least 1086, as it is mentioned in the Domesday Book.",0
P002434,P002434_S000,"There is archaeological evidence that parts of the foundations of The Old Ferryboat Inn in Holywell may date to AD 460, and there is evidence of ale being served as early as AD 560.",1
P002435,P002435_S000,"The Bingley Arms, Bardsey, Yorkshire, is claimed to date to 905 AD.",1
P002435,P002435_S001,"Ye Olde Salutation Inn in Nottingham dates from 1240, although the building served as a tannery and a private residence before becoming an inn sometime before the English Civil War.",1
P002435,P002435_S002,"The Adam and Eve in Norwich was first recorded in 1249, when it was an alehouse for the workers constructing nearby Norwich Cathedral.",0
P002435,P002435_S003,"Ye Olde Man & Scythe in Bolton, Lancashire, is mentioned by name in a charter of 1251, but the current building is dated 1631.",1
P002435,P002435_S004,Its cellars are the only surviving part of the older structure.,0
P002436,P002436_S000,The town of Stalybridge in Cheshire is thought to have the pubs with both the longest and shortest names in the United Kingdom — The Old 13th Cheshire Rifleman Corps Inn and the Q Inn.,1
P002437,P002437_S000,"The number of pubs in the UK has declined year on year, at least since 1982.",1
P002437,P002437_S001,"Various reasons are put forward for this, such as the failure of some establishments to keep up with customer requirements.",1
P002437,P002437_S002,"Others claim the smoking ban of 2007, intense competition from gastro-pubs, the availability of cheap alcohol in supermarkets or the general economic climate are either to blame, or are factors in the decline.",0
P002437,P002437_S003,Changes in demographics may be an additional factor.,0
P002438,P002438_S000,"The Lost Pubs Project listed 28,095 closed pubs on 21 April 2015, with photographs of many.",1
P002438,P002438_S001,"In 2015 the rate of pub closures came under the scrutiny of Parliament in the UK, with a promise of legislation to improve relations between owners and tenants.",1
P002439,P002439_S000,The highwayman Dick Turpin used the Swan Inn at Woughton-on-the-Green in Buckinghamshire as his base.,1
P002439,P002439_S001,"In the 1920s John Fothergill (1876–1957) was the innkeeper of the Spread Eagle in Thame, Berkshire, and published his autobiography: An Innkeeper's Diary (London: Chatto & Windus, 1931).",1
P002439,P002439_S002,"During his idiosyncratic occupancy many famous people came to stay, such as H. G. Wells.",0
P002439,P002439_S003,"United States president George W. Bush fulfilled his lifetime ambition of visiting a 'genuine British pub' during his November 2003 state visit to the UK when he had lunch and a pint of non-alcoholic lager (Bush being a teetotaler) with British Prime Minister Tony Blair at the Dun Cow pub in Sedgefield, County Durham in Blair's home constituency.",1
P002439,P002439_S004,"There were approximately 53,500 public houses in 2009 in the United Kingdom.",0
P002439,P002439_S005,"This number has been declining every year, so that nearly half of the smaller villages no longer have a local pub.",0
P002440,P002440_S000,"Many of London's pubs are known to have been used by famous people, but in some cases, such as the association between Samuel Johnson and Ye Olde Cheshire Cheese, this is speculative, based on little more than the fact that the person is known to have lived nearby.",1
P002440,P002440_S001,"However, Charles Dickens is known to have visited the Cheshire Cheese, the Prospect of Whitby, Ye Olde Cock Tavern and many others.",1
P002440,P002440_S002,Samuel Pepys is also associated with the Prospect of Whitby and the Cock Tavern.,1
P002441,P002441_S000,"The Fitzroy Tavern is a pub situated at 16 Charlotte Street in the Fitzrovia district, to which it gives its name.",1
P002441,P002441_S001,"It became famous (or according to others, infamous) during a period spanning the 1920s to the mid-1950s as a meeting place for many of London's artists, intellectuals and bohemians such as Dylan Thomas, Augustus John, and George Orwell.",1
P002441,P002441_S002,"Several establishments in Soho, London, have associations with well-known, post-war literary and artistic figures, including the Pillars of Hercules, The Colony Room and the Coach and Horses.",1
P002441,P002441_S003,"The Canonbury Tavern, Canonbury, was the prototype for Orwell's ideal English pub, The Moon Under Water.",0
P002442,P002442_S000,The Red Lion in Parliament Square is close to the Palace of Westminster and is consequently used by political journalists and members of parliament.,1
P002442,P002442_S001,The pub is equipped with a Division bell that summons MPs back to the chamber when they are required to take part in a vote.,1
P002442,P002442_S002,"The Punch Bowl, Mayfair was at one time jointly owned by Madonna and Guy Ritchie.",1
P002442,P002442_S003,The Coleherne public house in Earls Court was a well-known gay pub from the 1950s.,0
P002442,P002442_S004,"It attracted many well-known patrons, such as Freddie Mercury, Kenny Everett and Rudolph Nureyev.",0
P002442,P002442_S005,It was used by the serial-killer Colin Ireland to pick up victims.,0
P002443,P002443_S000,In 1966 The Blind Beggar in Whitechapel became infamous as the scene of a murder committed by gangster Ronnie Kray.,1
P002443,P002443_S001,The Ten Bells is associated with several of the victims of Jack the Ripper.,0
P002443,P002443_S002,"In 1955, Ruth Ellis, the last woman executed in the United Kingdom, shot David Blakely as he emerged from The Magdala in South Hill Park, Hampstead, the bullet holes can still be seen in the walls outside.",1
P002443,P002443_S003,It is said that Vladimir Lenin and a young Joseph Stalin met in the Crown and Anchor pub (now known as The Crown Tavern) on Clerkenwell Green when the latter was visiting London in 1903.,1
P002444,P002444_S000,"The Angel, Islington was formerly a coaching inn, the first on the route northwards out of London, where Thomas Paine is believed to have written much of The Rights of Man.",1
P002444,P002444_S001,"It was mentioned by Charles Dickens, became a Lyons Corner House, and is now a Co-operative Bank.",1
P002445,P002445_S000,"The Eagle and Child and the Lamb and Flag, Oxford, were regular meeting places of the Inklings, a writers' group which included J. R. R. Tolkien and C. S. Lewis.",1
P002445,P002445_S001,"The Eagle in Cambridge is where Francis Crick interrupted patrons' lunchtime on 28 February 1953 to announce that he and James Watson had ""discovered the secret of life"" after they had come up with their proposal for the structure of DNA.",1
P002445,P002445_S002,The anecdote is related in Watson's book The Double Helix.,0
P002445,P002445_S003,and commemorated with a blue plaque on the outside wall.,0
P002446,P002446_S000,"The major soap operas on British television each feature a pub, and these pubs have become household names.",1
P002446,P002446_S001,"The Rovers Return is the pub in Coronation Street, the British soap broadcast on ITV.",1
P002446,P002446_S002,"The Queen Vic (short for the Queen Victoria) is the pub in EastEnders, the major soap on BBC One and the Woolpack in ITV's Emmerdale.",1
P002446,P002446_S003,"The sets of each of the three major television soap operas have been visited by some of the members of the royal family, including Queen Elizabeth II.",0
P002446,P002446_S004,"The centrepiece of each visit was a trip into the Rovers, the Queen Vic, or the Woolpack to be offered a drink.",0
P002446,P002446_S005,The Bull in the BBC Radio 4 soap opera The Archers is an important meeting point.,0
P002447,P002447_S000,"Although ""British"" pubs found outside of Britain and its former colonies are often themed bars owing little to the original British pub, a number of ""true"" pubs may be found around the world.",1
P002448,P002448_S000,"In Denmark—a country, like Britain, with a long tradition of brewing—a number of pubs have opened which eschew ""theming"", and which instead focus on the business of providing carefully conditioned beer, often independent of any particular brewery or chain, in an environment which would not be unfamiliar to a British pub-goer.",1
P002448,P002448_S001,"Some import British cask ale, rather than beer in kegs, to provide the full British real ale experience to their customers.",0
P002448,P002448_S002,"This newly established Danish interest in British cask beer and the British pub tradition is reflected by the fact that some 56 British cask beers were available at the 2008 European Beer Festival in Copenhagen, which was attended by more than 20,000 people.",1
P002449,P002449_S000,"In Ireland, pubs are known for their atmosphere or ""craic"".",0
P002449,P002449_S001,"In Irish, a pub is referred to as teach tábhairne (""tavernhouse"") or teach óil (""drinkinghouse"").",1
P002449,P002449_S002,"Live music, either sessions of traditional Irish music or varieties of modern popular music, is frequently featured in the pubs of Ireland.",0
P002449,P002449_S003,Pubs in Northern Ireland are largely identical to their counterparts in the Republic of Ireland except for the lack of spirit grocers.,0
P002449,P002449_S004,"A side effect of ""The Troubles"" was that the lack of a tourist industry meant that a higher proportion of traditional bars have survived the wholesale refitting of Irish pub interiors in the 'English style' in the 1950s and 1960s.",0
P002449,P002449_S005,New Zealand sports a number of Irish pubs.,0
P002450,P002450_S000,"The most popular term in English-speaking Canada used for a drinking establishment was ""tavern"", until the 1970s when the term ""bar"" became widespread as in the United States.",1
P002450,P002450_S001,"In the 1800s the term used was ""public house"" as in England but ""pub culture"" did not spread to Canada.",1
P002450,P002450_S002,"A fake ""English looking"" pub trend started in the 1990s, built into existing storefronts, like regular bars.",0
P002450,P002450_S003,"Most universities in Canada have campus pubs which are central to student life, as it would be bad form just to serve alcohol to students without providing some type of basic food.",0
P002450,P002450_S004,Often these pubs are run by the student's union.,0
P002450,P002450_S005,"The gastropub concept has caught on, as traditional British influences are to be found in many Canadian dishes.",0
P002450,P002450_S006,"There are now pubs in the large cities of Canada that cater to anyone interested in a ""pub"" type drinking environment.",0
P002450,P002450_S007,[citation needed],0
P002451,P002451_S000,"An Internet service provider (ISP) is an organization that provides services for accessing, using, the Internet.",1
P002451,P002451_S001,"Internet service providers may be organized in various forms, such as commercial, community-owned, non-profit, or otherwise privately owned.",0
P002452,P002452_S000,"Internet services typically provided by ISPs include Internet access, Internet transit, domain name registration, web hosting, Usenet service, and colocation.",1
P002453,P002453_S000,The Internet was developed as a network between government research laboratories and participating departments of universities.,1
P002453,P002453_S001,"By the late 1980s, a process was set in place towards public, commercial use of the Internet.",1
P002453,P002453_S002,"The remaining restrictions were removed by 1995, 4 years after the introduction of the World Wide Web.",1
P002454,P002454_S000,"In 1989, the first ISPs were established in Australia and the United States.",1
P002454,P002454_S001,"In Brookline, Massachusetts, The World became the first commercial ISP in the US.",1
P002454,P002454_S002,Its first customer was served in November 1989.,1
P002455,P002455_S000,"On 23 April 2014, the U.S. Federal Communications Commission (FCC) was reported to be considering a new rule that will permit ISPs to offer content providers a faster track to send content, thus reversing their earlier net neutrality position.",1
P002455,P002455_S001,"A possible solution to net neutrality concerns may be municipal broadband, according to Professor Susan Crawford, a legal and technology expert at Harvard Law School.",0
P002455,P002455_S002,"On 15 May 2014, the FCC decided to consider two options regarding Internet services: first, permit fast and slow broadband lanes, thereby compromising net neutrality; and second, reclassify broadband as a telecommunication service, thereby preserving net neutrality.",0
P002455,P002455_S003,"On 10 November 2014, President Barack Obama recommended that the FCC reclassify broadband Internet service as a telecommunications service in order to preserve net neutrality.",1
P002455,P002455_S004,"On 16 January 2015, Republicans presented legislation, in the form of a U.S. Congress H.R.",0
P002455,P002455_S005,"discussion draft bill, that makes concessions to net neutrality but prohibits the FCC from accomplishing the goal or enacting any further regulation affecting Internet service providers.",0
P002455,P002455_S006,"On 31 January 2015, AP News reported that the FCC will present the notion of applying (""with some caveats"") Title II (common carrier) of the Communications Act of 1934 to the internet in a vote expected on 26 February 2015.",0
P002455,P002455_S007,"Adoption of this notion would reclassify internet service from one of information to one of the telecommunications and, according to Tom Wheeler, chairman of the FCC, ensure net neutrality.",0
P002455,P002455_S008,"The FCC is expected to enforce net neutrality in its vote, according to the New York Times.",0
P002456,P002456_S000,"On 26 February 2015, the FCC ruled in favor of net neutrality by adopting Title II (common carrier) of the Communications Act of 1934 and Section 706 in the Telecommunications act of 1996 to the Internet.",1
P002456,P002456_S001,"The FCC Chairman, Tom Wheeler, commented, ""This is no more a plan to regulate the Internet than the First Amendment is a plan to regulate free speech.",1
P002456,P002456_S002,"They both stand for the same concept.""",0
P002457,P002457_S000,"On 12 March 2015, the FCC released the specific details of the net neutrality rules.",1
P002457,P002457_S001,"On 13 April 2015, the FCC published the final rule on its new ""Net Neutrality"" regulations.",1
P002458,P002458_S000,"ISPs provide Internet access, employing a range of technologies to connect users to their network.",1
P002458,P002458_S001,"Available technologies have ranged from computer modems with acoustic couplers to telephone lines, to television cable (CATV), wireless Ethernet (wi-fi), and fiber optics.",1
P002459,P002459_S000,"For users and small businesses, traditional options include copper wires to provide dial-up, DSL, typically asymmetric digital subscriber line (ADSL), cable modem or Integrated Services Digital Network (ISDN) (typically basic rate interface).",1
P002459,P002459_S001,Using fiber-optics to end users is called Fiber To The Home or similar names.,1
P002460,P002460_S000,"For customers with more demanding requirements (such as medium-to-large businesses, or other ISPs) can use higher-speed DSL (such as single-pair high-speed digital subscriber line), Ethernet, metropolitan Ethernet, gigabit Ethernet, Frame Relay, ISDN Primary Rate Interface, ATM (Asynchronous Transfer Mode) and synchronous optical networking (SONET).",1
P002461,P002461_S000,A mailbox provider is an organization that provides services for hosting electronic mail domains with access to storage for mail boxes.,1
P002461,P002461_S001,"It provides email servers to send, receive, accept, and store email for end users or other organizations.",1
P002462,P002462_S000,"Many mailbox providers are also access providers, while others are not (e.g., Yahoo!",0
P002462,P002462_S001,"Mail, Outlook.com, Gmail, AOL Mail, Po box).",1
P002462,P002462_S002,"The definition given in RFC 6650 covers email hosting services, as well as the relevant department of companies, universities, organizations, groups, and individuals that manage their mail servers themselves.",1
P002462,P002462_S003,"The task is typically accomplished by implementing Simple Mail Transfer Protocol (SMTP) and possibly providing access to messages through Internet Message Access Protocol (IMAP), the Post Office Protocol, Webmail, or a proprietary protocol.",1
P002463,P002463_S000,"Internet hosting services provide email, web-hosting, or online storage services.",1
P002463,P002463_S001,"Other services include virtual server, cloud services, or physical server operation.",1
P002464,P002464_S000,"Just as their customers pay them for Internet access, ISPs themselves pay upstream ISPs for Internet access.",1
P002464,P002464_S001,An upstream ISP usually has a larger network than the contracting ISP or is able to provide the contracting ISP with access to parts of the Internet the contracting ISP by itself has no access to.,1
P002465,P002465_S000,"In the simplest case, a single connection is established to an upstream ISP and is used to transmit data to or from areas of the Internet beyond the home network; this mode of interconnection is often cascaded multiple times until reaching a tier 1 carrier.",1
P002465,P002465_S001,"In reality, the situation is often more complex.",0
P002465,P002465_S002,"ISPs with more than one point of presence (PoP) may have separate connections to an upstream ISP at multiple PoPs, or they may be customers of multiple upstream ISPs and may have connections to each one of them at one or more point of presence.",1
P002465,P002465_S003,Transit ISPs provide large amounts of bandwidth for connecting hosting ISPs and access ISPs.,0
P002466,P002466_S000,"A virtual ISP (VISP) is an operation that purchases services from another ISP, sometimes called a wholesale ISP in this context, which allow the VISP's customers to access the Internet using services and infrastructure owned and operated by the wholesale ISP.",1
P002466,P002466_S001,VISPs resemble mobile virtual network operators and competitive local exchange carriers for voice communications.,0
P002467,P002467_S000,Free ISPs are Internet service providers that provide service free of charge.,1
P002467,P002467_S001,"Many free ISPs display advertisements while the user is connected; like commercial television, in a sense they are selling the user's attention to the advertiser.",1
P002467,P002467_S002,"Other free ISPs, sometimes called freenets, are run on a nonprofit basis, usually with volunteer staff.",0
P002467,P002467_S003,[citation needed],0
P002468,P002468_S000,A wireless Internet service provider (WISP) is an Internet service provider with a network based on wireless networking.,1
P002468,P002468_S001,"Technology may include commonplace Wi-Fi wireless mesh networking, or proprietary equipment designed to operate over open 900 MHz, 2.4 GHz, 4.9, 5.2, 5.4, 5.7, and 5.8 GHz bands or licensed frequencies such as 2.5 GHz (EBS/BRS), 3.65 GHz (NN) and in the UHF band (including the MMDS frequency band) and LMDS.",1
P002468,P002468_S002,[citation needed],0
P002469,P002469_S000,"ISPs may engage in peering, where multiple ISPs interconnect at peering points or Internet exchange points (IXs), allowing routing of data between each network, without charging one another for the data transmitted—data that would otherwise have passed through a third upstream ISP, incurring charges from the upstream ISP.",1
P002470,P002470_S000,"Network hardware, software and specifications, as well as the expertise of network management personnel are important in ensuring that data follows the most efficient route, and upstream connections work reliably.",1
P002470,P002470_S001,A tradeoff between cost and efficiency is possible.,0
P002470,P002470_S002,[citation needed],0
P002471,P002471_S000,"Internet service providers in many countries are legally required (e.g., via Communications Assistance for Law Enforcement Act (CALEA) in the U.S.) to allow law enforcement agencies to monitor some or all of the information transmitted by the ISP.",1
P002471,P002471_S001,"Furthermore, in some countries ISPs are subject to monitoring by intelligence agencies.",0
P002471,P002471_S002,"In the U.S., a controversial National Security Agency program known as PRISM provides for broad monitoring of Internet users traffic and has raised concerns about potential violation of the privacy protections in the Fourth Amendment to the United States Constitution.",1
P002471,P002471_S003,"Modern ISPs integrate a wide array of surveillance and packet sniffing equipment into their networks, which then feeds the data to law-enforcement/intelligence networks (such as DCSNet in the United States, or SORM in Russia) allowing monitoring of Internet traffic in real time.",1
P002472,P002472_S000,"Comics are a medium used to express ideas by images, often combined with text or other visual information.",1
P002472,P002472_S001,Comics frequently takes the form of juxtaposed sequences of panels of images.,0
P002472,P002472_S002,"Often textual devices such as speech balloons, captions, and onomatopoeia indicate dialogue, narration, sound effects, or other information.",0
P002472,P002472_S003,Size and arrangement of panels contribute to narrative pacing.,0
P002472,P002472_S004,Cartooning and similar forms of illustration are the most common image-making means in comics; fumetti is a form which uses photographic images.,0
P002472,P002472_S005,"Common forms of comics include comic strips, editorial and gag cartoons, and comic books.",0
P002472,P002472_S006,"Since the late 20th century, bound volumes such as graphic novels, comics albums, and tankōbon have become increasingly common, and online webcomics have proliferated in the 21st century.",0
P002473,P002473_S000,The history of comics has followed different paths in different cultures.,0
P002473,P002473_S001,Scholars have posited a pre-history as far back as the Lascaux cave paintings.,0
P002473,P002473_S002,"By the mid-20th century, comics flourished particularly in the United States, western Europe (especially in France and Belgium), and Japan.",0
P002473,P002473_S003,"The history of European comics is often traced to Rodolphe Töpffer's cartoon strips of the 1830s, and became popular following the success in the 1930s of strips and books such as The Adventures of Tintin.",0
P002473,P002473_S004,"American comics emerged as a mass medium in the early 20th century with the advent of newspaper comic strips; magazine-style comic books followed in the 1930s, in which the superhero genre became prominent after Superman appeared in 1938.",0
P002473,P002473_S005,Histories of Japanese comics and cartooning (manga) propose origins as early as the 12th century.,0
P002473,P002473_S006,"Modern comic strips emerged in Japan in the early 20th century, and the output of comics magazines and books rapidly expanded in the post-World War II era with the popularity of cartoonists such as Osamu Tezuka.",0
P002473,P002473_S007,"Comics has had a lowbrow reputation for much of its history, but towards the end of the 20th century began to find greater acceptance with the public and in academia.",0
P002474,P002474_S000,"The English term comics is used as a singular noun when it refers to the medium and a plural when referring to particular instances, such as individual strips or comic books.",1
P002474,P002474_S001,"Though the term derives from the humorous (or comic) work that predominated in early American newspaper comic strips, it has become standard also for non-humorous works.",0
P002474,P002474_S002,"It is common in English to refer to the comics of different cultures by the terms used in their original languages, such as manga for Japanese comics, or bandes dessinées for French-language comics.",1
P002474,P002474_S003,"There is no consensus amongst theorists and historians on a definition of comics; some emphasize the combination of images and text, some sequentiality or other image relations, and others historical aspects such as mass reproduction or the use of recurring characters.",0
P002474,P002474_S004,The increasing cross-pollination of concepts from different comics cultures and eras has further made definition difficult.,0
P002475,P002475_S000,"The European, American, and Japanese comics traditions have followed different paths.",0
P002475,P002475_S001,"Europeans have seen their tradition as beginning with the Swiss Rodolphe Töpffer from as early as 1827 and Americans have seen the origin of theirs in Richard F. Outcault's 1890s newspaper strip The Yellow Kid, though many Americans have come to recognize Töpffer's precedence.",1
P002475,P002475_S002,Japan had a long prehistory of satirical cartoons and comics leading up to the World War II era.,1
P002475,P002475_S003,"The ukiyo-e artist Hokusai popularized the Japanese term for comics and cartooning, manga, in the early 19th century.",0
P002475,P002475_S004,In the post-war era modern Japanese comics began to flourish when Osamu Tezuka produced a prolific body of work.,0
P002475,P002475_S005,"Towards the close of the 20th century, these three traditions converged in a trend towards book-length comics: the comics album in Europe, the tankōbon[a] in Japan, and the graphic novel in the English-speaking countries.",1
P002476,P002476_S000,"Outside of these genealogies, comics theorists and historians have seen precedents for comics in the Lascaux cave paintings in France (some of which appear to be chronological sequences of images), Egyptian hieroglyphs, Trajan's Column in Rome, the 11th-century Norman Bayeux Tapestry, the 1370 bois Protat woodcut, the 15th-century Ars moriendi and block books, Michelangelo's The Last Judgment in the Sistine Chapel, and William Hogarth's 17th-century sequential engravings, amongst others.",1
P002476,P002476_S001,[b],0
P002477,P002477_S000,"Illustrated humour periodicals were popular in 19th-century Britain, the earliest of which was the short-lived The Glasgow Looking Glass in 1825.",1
P002477,P002477_S001,"The most popular was Punch, which popularized the term cartoon for its humorous caricatures.",0
P002477,P002477_S002,On occasion the cartoons in these magazines appeared in sequences; the character Ally Sloper featured in the earliest serialized comic strip when the character began to feature in its own weekly magazine in 1884.,1
P002478,P002478_S000,"American comics developed out of such magazines as Puck, Judge, and Life.",1
P002478,P002478_S001,"The success of illustrated humour supplements in the New York World and later the New York American, particularly Outcault's The Yellow Kid, led to the development of newspaper comic strips.",1
P002478,P002478_S002,Early Sunday strips were full-page and often in colour.,0
P002478,P002478_S003,"Between 1896 and 1901 cartoonists experimented with sequentiality, movement, and speech balloons.",0
P002479,P002479_S000,"Shorter, black-and-white daily strips began to appear early in the 20th century, and became established in newspapers after the success in 1907 of Bud Fisher's Mutt and Jeff.",1
P002479,P002479_S001,"Humour strips predominated at first, and in the 1920s and 1930s strips with continuing stories in genres such as adventure and drama also became popular.",0
P002479,P002479_S002,"Thin periodicals called comic books appeared in the 1930s, at first reprinting newspaper comic strips; by the end of the decade, original content began to dominate.",1
P002479,P002479_S003,"The success in 1938 of Action Comics and its lead hero Superman marked the beginning of the Golden Age of Comic Books, in which the superhero genre was prominent.",1
P002480,P002480_S000,"The popularity of superhero comic books declined following World War II, while comic book sales continued to increase as other genres proliferated, such as romance, westerns, crime, horror, and humour.",1
P002480,P002480_S001,"Following a sales peak in the early 1950s, the content of comic books (particularly crime and horror) was subjected to scrutiny from parent groups and government agencies, which culminated in Senate hearings that led to the establishment of the Comics Code Authority self-censoring body.",1
P002480,P002480_S002,The Code has been blamed for stunting the growth of American comics and maintaining its low status in American society for much of the remainder of the century.,0
P002480,P002480_S003,Superheroes re-established themselves as the most prominent comic book genre by the early 1960s.,0
P002480,P002480_S004,"Underground comix challenged the Code and readers with adult, countercultural content in the late 1960s and early 1970s.",0
P002480,P002480_S005,"The underground gave birth to the alternative comics movement in the 1980s and its mature, often experimental content in non-superhero genres.",0
P002481,P002481_S000,"From the 1980s, mainstream sensibilities were reasserted and serialization became less common as the number of comics magazines decreased and many comics began to be published directly as albums.",1
P002481,P002481_S001,Smaller publishers such as L'Association that published longer works in non-traditional formats by auteur-istic creators also became common.,0
P002481,P002481_S002,"Since the 1990s, mergers resulted in fewer large publishers, while smaller publishers proliferated.",0
P002481,P002481_S003,Sales overall continued to grow despite the trend towards a shrinking print market.,0
P002482,P002482_S000,"Japanese comics and cartooning (manga),[g] have a history that has been seen as far back as the anthropomorphic characters in the 12th-to-13th-century Chōjū-jinbutsu-giga, 17th-century toba-e and kibyōshi picture books, and woodblock prints such as ukiyo-e which were popular between the 17th and 20th centuries.",1
P002482,P002482_S001,"The kibyōshi contained examples of sequential images, movement lines, and sound effects.",0
P002483,P002483_S000,Illustrated magazines for Western expatriates introduced Western-style satirical cartoons to Japan in the late 19th century.,1
P002483,P002483_S001,"New publications in both the Western and Japanese styles became popular, and at the end of the 1890s, American-style newspaper comics supplements began to appear in Japan, as well as some American comic strips.",1
P002483,P002483_S002,"1900 saw the debut of the Jiji Manga in the Jiji Shinpō newspaper—the first use of the word ""manga"" in its modern sense, and where, in 1902, Rakuten Kitazawa began the first modern Japanese comic strip.",1
P002483,P002483_S003,"By the 1930s, comic strips were serialized in large-circulation monthly girls' and boys' magazine and collected into hardback volumes.",0
P002484,P002484_S000,"The modern era of comics in Japan began after World War II, propelled by the success of the serialized comics of the prolific Osamu Tezuka and the comic strip Sazae-san.",1
P002484,P002484_S001,Genres and audiences diversified over the following decades.,0
P002484,P002484_S002,Stories are usually first serialized in magazines which are often hundreds of pages thick and may over a dozen stories; they are later compiled in tankōbon-format books.,0
P002484,P002484_S003,"At the turn of the 20th and 21st centuries, nearly a quarter of all printed material in Japan was comics.",0
P002484,P002484_S004,translations became extremely popular in foreign markets—in some cases equaling or surpassing the sales of domestic comics.,0
P002485,P002485_S000,"Comic strips are generally short, multipanel comics that traditionally most commonly appeared in newspapers.",0
P002485,P002485_S001,"In the US, daily strips have normally occupied a single tier, while Sunday strips have been given multiple tiers.",0
P002485,P002485_S002,"In the early 20th century, daily strips were typically in black-and-white and Sundays were usually in colour and often occupied a full page.",0
P002486,P002486_S000,Specialized comics periodicals formats vary greatly in different cultures.,0
P002486,P002486_S001,"Comic books, primarily an American format, are thin periodicals usually published in colour.",0
P002486,P002486_S002,"European and Japanese comics are frequently serialized in magazines—monthly or weekly in Europe, and usually black-and-white and weekly in Japan.",0
P002486,P002486_S003,Japanese comics magazine typically run to hundreds of pages.,0
P002487,P002487_S000,Book-length comics take different forms in different cultures.,0
P002487,P002487_S001,European comics albums are most commonly printed in A4-size colour volumes.,0
P002487,P002487_S002,"In English-speaking countries, bound volumes of comics are called graphic novels and are available in various formats.",0
P002487,P002487_S003,"Despite incorporating the term ""novel""—a term normally associated with fiction—""graphic novel"" also refers to non-fiction and collections of short works.",0
P002487,P002487_S004,Japanese comics are collected in volumes called tankōbon following magazine serialization.,0
P002488,P002488_S000,"Gag and editorial cartoons usually consist of a single panel, often incorporating a caption or speech balloon.",0
P002488,P002488_S001,"Definitions of comics which emphasize sequence usually exclude gag, editorial, and other single-panel cartoons; they can be included in definitions that emphasize the combination of word and image.",0
P002488,P002488_S002,"Gag cartoons first began to proliferate in broadsheets published in Europe in the 18th and 19th centuries, and the term ""cartoon""[h] was first used to describe them in 1843 in the British humour magazine Punch.",1
P002489,P002489_S000,Comics in the US has had a lowbrow reputation stemming from its roots in mass culture; cultural elites sometimes saw popular culture as threatening culture and society.,1
P002489,P002489_S001,"In the latter half of the 20th century, popular culture won greater acceptance, and the lines between high and low culture began to blur.",1
P002489,P002489_S002,"Comics nevertheless continued to be stigmatized, as the medium was seen as entertainment for children and illiterates.",0
P002490,P002490_S000,The graphic novel—book-length comics—began to gain attention after Will Eisner popularized the term with his book A Contract with God (1978).,1
P002490,P002490_S001,"The term became widely known with the public after the commercial success of Maus, Watchmen, and The Dark Knight Returns in the mid-1980s.",1
P002490,P002490_S002,In the 21st century graphic novels became established in mainstream bookstores and libraries and webcomics became common.,0
P002491,P002491_S000,"The francophone Swiss Rodolphe Töpffer produced comic strips beginning in 1827, and published theories behind the form.",1
P002491,P002491_S001,Cartoons appeared widely in newspapers and magazines from the 19th century.,0
P002491,P002491_S002,"The success of Zig et Puce in 1925 popularized the use of speech balloons in European comics, after which Franco-Belgian comics began to dominate.",0
P002491,P002491_S003,"The Adventures of Tintin, with its signature clear line style, was first serialized in newspaper comics supplements beginning in 1929, and became an icon of Franco-Belgian comics.",1
P002492,P002492_S000,"Following the success of Le Journal de Mickey (1934–44), dedicated comics magazines and full-colour comics albums became the primary outlet for comics in the mid-20th century.",1
P002492,P002492_S001,"As in the US, at the time comics were seen as infantile and a threat to culture and literacy; commentators stated that ""none bear up to the slightest serious analysis"",[c] and that comics were ""the sabotage of all art and all literature"".",1
P002492,P002492_S002,[d],0
P002493,P002493_S000,"In the 1960s, the term bandes dessinées (""drawn strips"") came into wide use in French to denote the medium.",1
P002493,P002493_S001,"Cartoonists began creating comics for mature audiences, and the term ""Ninth Art""[e] was coined, as comics began to attract public and academic attention as an artform.",1
P002493,P002493_S002,A group including René Goscinny and Albert Uderzo founded the magazine Pilote in 1959 to give artists greater freedom over their work.,1
P002493,P002493_S003,Goscinny and Uderzo's The Adventures of Asterix appeared in it and went on to become the best-selling French-language comics series.,0
P002493,P002493_S004,"From 1960, the satirical and taboo-breaking Hara-Kiri defied censorship laws in the countercultural spirit that led to the May 1968 events.",0
P002494,P002494_S000,Frustration with censorship and editorial interference led to a group of Pilote cartoonists to found the adults-only L'Écho des savanes in 1972.,1
P002494,P002494_S001,"Adult-oriented and experimental comics flourished in the 1970s, such as in the experimental science fiction of Mœbius and others in Métal hurlant, even mainstream publishers took to publishing prestige-format adult comics.",1
P002495,P002495_S000,"Historical narratives of manga tend to focus either on its recent, post-WWII history, or on attempts to demonstrates deep roots in the past, such as to the Chōjū-jinbutsu-giga picture scroll of the 12th and 13th centuries, or the early 19th-century Hokusai Manga.",1
P002495,P002495_S001,The first historical overview of Japanese comics was Seiki Hosokibara's Nihon Manga-Shi[i] in 1924.,1
P002495,P002495_S002,"Early post-war Japanese criticism was mostly of a left-wing political nature until the 1986 publication for Tomofusa Kure's Modern Manga: The Complete Picture,[j] which de-emphasized politics in favour of formal aspects, such as structure and a ""grammar"" of comics.",1
P002495,P002495_S003,"The field of manga studies increased rapidly, with numerous books on the subject appearing in the 1990s.",0
P002495,P002495_S004,"Formal theories of manga have focused on developing a ""manga expression theory"",[k] with emphasis on spatial relationships in the structure of images on the page, distinguishing the medium from film or literature, in which the flow of time is the basic organizing element.",0
P002495,P002495_S005,"Comics studies courses have proliferated at Japanese universities, and Japan Society for Studies in Cartoon and Comics (ja)[l] was established in 2001 to promote comics scholarship.",0
P002495,P002495_S006,The publication of Frederik L. Schodt's Manga!,0
P002495,P002495_S007,Manga!,0
P002495,P002495_S008,"The World of Japanese Comics in 1983 led to the spread of use of the word manga outside Japan to mean ""Japanese comics"" or ""Japanese-style comics"".",0
P002496,P002496_S000,Coulton Waugh attempted the first comprehensive history of American comics with The Comics (1947).,1
P002496,P002496_S001,Will Eisner's Comics and Sequential Art (1985) and Scott McCloud's Understanding Comics (1993) were early attempts in English to formalize the study of comics.,1
P002496,P002496_S002,David Carrier's The Aesthetics of Comics (2000) was the first full-length treatment of comics from a philosophical perspective.,1
P002496,P002496_S003,"Prominent American attempts at definitions of comics include Eisner's, McCloud's, and Harvey's.",0
P002496,P002496_S004,"Eisner described what he called ""sequential art"" as ""the arrangement of pictures or images and words to narrate a story or dramatize an idea""; Scott McCloud defined comics ""juxtaposed pictorial and other images in deliberate sequence, intended to convey information and/or to produce an aesthetic response in the viewer"", a strictly formal definition which detached comics from its historical and cultural trappings.",0
P002496,P002496_S005,"R. C. Harvey defined comics as ""pictorial narratives or expositions in which words (often lettered into the picture area within speech balloons) usually contribute to the meaning of the pictures and vice versa"".",0
P002496,P002496_S006,Each definition has had its detractors.,0
P002496,P002496_S007,"Harvey saw McCloud's definition as excluding single-panel cartoons, and objected to McCloud's de-emphasizing verbal elements, insisting ""the essential characteristic of comics is the incorporation of verbal content"".",0
P002496,P002496_S008,Aaron Meskin saw McCloud's theories as an artificial attempt to legitimize the place of comics in art history.,0
P002497,P002497_S000,"Cross-cultural study of comics is complicated by the great difference in meaning and scope of the words for ""comics"" in different languages.",1
P002497,P002497_S001,"The French term for comics, bandes dessinées (""drawn strip"") emphasizes the juxtaposition of drawn images as a defining factor, which can imply the exclusion of even photographic comics.",1
P002497,P002497_S002,"The term manga is used in Japanese to indicate all forms of comics, cartooning, and caricature.",1
P002498,P002498_S000,Webcomics are comics that are available on the internet.,0
P002498,P002498_S001,"They are able to reach large audiences, and new readers usually can access archived installments.",0
P002498,P002498_S002,Webcomics can make use of an infinite canvas—meaning they are not constrained by size or dimensions of a page.,1
P002499,P002499_S000,Some consider storyboards and wordless novels to be comics.,0
P002499,P002499_S001,"Film studios, especially in animation, often use sequences of images as guides for film sequences.",0
P002499,P002499_S002,These storyboards are not intended as an end product and are rarely seen by the public.,0
P002499,P002499_S003,Wordless novels are books which use sequences of captionless images to deliver a narrative.,0
P002500,P002500_S000,"Similar to the problems of defining literature and film, no consensus has been reached on a definition of the comics medium, and attempted definitions and descriptions have fallen prey to numerous exceptions.",1
P002500,P002500_S001,"Theorists such as Töpffer, R. C. Harvey, Will Eisner, David Carrier, Alain Rey, and Lawrence Grove emphasize the combination of text and images, though there are prominent examples of pantomime comics throughout its history.",1
P002500,P002500_S002,"Other critics, such as Thierry Groensteen and Scott McCloud, have emphasized the primacy of sequences of images.",1
P002500,P002500_S003,"Towards the close of the 20th century, different cultures' discoveries of each other's comics traditions, the rediscovery of forgotten early comics forms, and the rise of new forms made defining comics a more complicated task.",0
P002501,P002501_S000,"European comics studies began with Töpffer's theories of his own work in the 1840s, which emphasized panel transitions and the visual–verbal combination.",0
P002501,P002501_S001,No further progress was made until the 1970s.,0
P002501,P002501_S002,"Pierre Fresnault-Deruelle then took a semiotics approach to the study of comics, analyzing text–image relations, page-level image relations, and image discontinuities, or what Scott McCloud later dubbed ""closure"".",1
P002501,P002501_S003,"In 1987, Henri Vanlier introduced the term multicadre, or ""multiframe"", to refer to the comics a page as a semantic unit.",0
P002501,P002501_S004,"By the 1990s, theorists such as Benoît Peeters and Thierry Groensteen turned attention to artists' poïetic creative choices.",0
P002501,P002501_S005,"Thierry Smolderen and Harry Morgan have held relativistic views of the definition of comics, a medium that has taken various, equally valid forms over its history.",0
P002501,P002501_S006,"Morgan sees comics as a subset of ""les littératures dessinées"" (or ""drawn literatures"").",0
P002501,P002501_S007,"French theory has come to give special attention to the page, in distinction from American theories such as McCloud's which focus on panel-to-panel transitions.",0
P002501,P002501_S008,"Since the mid-2000s, Neil Cohn has begun analyzing how comics are understood using tools from cognitive science, extending beyond theory by using actual psychological and neuroscience experiments.",0
P002501,P002501_S009,"This work has argued that sequential images and page layouts both use separate rule-bound ""grammars"" to be understood that extend beyond panel-to-panel transitions and categorical distinctions of types of layouts, and that the brain's comprehension of comics is similar to comprehending other domains, such as language and music.",0
P002502,P002502_S000,"Many cultures have taken their words for comics from English, including Russian (Russian: Комикс, komiks) and German (comic).",1
P002502,P002502_S001,"Similarly, the Chinese term manhua and the Korean manhwa derive from the Chinese characters with which the Japanese term manga is written.",1
P002503,P002503_S000,"The English term comics derives from the humorous (or ""comic"") work which predominated in early American newspaper comic strips; usage of the term has become standard for non-humorous works as well.",1
P002503,P002503_S001,"The term ""comic book"" has a similarly confusing history: they are most often not humorous; nor are they regular books, but rather periodicals.",0
P002503,P002503_S002,"It is common in English to refer to the comics of different cultures by the terms used in their original languages, such as manga for Japanese comics, or bandes dessinées for French-language Franco-Belgian comics.",1
P002504,P002504_S000,"While comics are often the work of a single creator, the labour of making them is frequently divided between a number of specialists.",1
P002504,P002504_S001,"There may be separate writers and artists, and artists may specialize in parts of the artwork such as characters or backgrounds, as is common in Japan.",0
P002504,P002504_S002,"Particularly in American superhero comic books, the art may be divided between a penciller, who lays out the artwork in pencil; an inker, who finishes the artwork in ink; a colourist; and a letterer, who adds the captions and speech balloons.",1
P002505,P002505_S000,"Panels are individual images containing a segment of action, often surrounded by a border.",1
P002505,P002505_S001,Prime moments in a narrative are broken down into panels via a process called encapsulation.,0
P002505,P002505_S002,The reader puts the pieces together via the process of closure by using background knowledge and an understanding of panel relations to combine panels mentally into events.,0
P002505,P002505_S003,"The size, shape, and arrangement of panels each affect the timing and pacing of the narrative.",0
P002505,P002505_S004,"The contents of a panel may be asynchronous, with events depicted in the same image not necessarily occurring at the same time.",0
P002506,P002506_S000,"Text is frequently incorporated into comics via speech balloons, captions, and sound effects.",0
P002506,P002506_S001,"Speech balloons indicate dialogue (or thought, in the case of thought balloons), with tails pointing at their respective speakers.",0
P002506,P002506_S002,"Captions can give voice to a narrator, convey characters' dialogue or thoughts, or indicate place or time.",0
P002506,P002506_S003,"Speech balloons themselves are strongly associated with comics, such that the addition of one to an image is sufficient to turn the image into comics.",0
P002506,P002506_S004,Sound effects mimic non-vocal sounds textually using onomatopoeia sound-words.,0
P002507,P002507_S000,"Cartooning is most frequently used in making comics, traditionally using ink (especially India ink) with dip pens or ink brushes; mixed media and digital technology have become common.",1
P002507,P002507_S001,Cartooning techniques such as motion lines and abstract symbols are often employed.,0
P002508,P002508_S000,"The term comics refers to the comics medium when used as an uncountable noun and thus takes the singular: ""comics is a medium"" rather than ""comics are a medium"".",1
P002508,P002508_S001,"When comic appears as a countable noun it refers to instances of the medium, such as individual comic strips or comic books: ""Tom's comics are in the basement.""",1
P002509,P002509_S000,"Saint Helena (/ˌseɪnt həˈliːnə/ SAYNT-hə-LEE-nə) is a volcanic tropical island in the South Atlantic Ocean, 4,000 kilometres (2,500 mi) east of Rio de Janeiro and 1,950 kilometres (1,210 mi) west of the Cunene River, which marks the border between Namibia and Angola in southwestern Africa.",1
P002509,P002509_S001,"It is part of the British Overseas Territory of Saint Helena, Ascension and Tristan da Cunha.",1
P002509,P002509_S002,"Saint Helena measures about 16 by 8 kilometres (10 by 5 mi) and has a population of 4,255 (2008 census).",1
P002509,P002509_S003,It was named after Saint Helena of Constantinople.,0
P002510,P002510_S000,The island was uninhabited when discovered by the Portuguese in 1502.,0
P002510,P002510_S001,"One of the most remote islands in the world, it was for centuries an important stopover for ships sailing to Europe from Asia and South Africa.",1
P002510,P002510_S002,"Napoleon was imprisoned there in exile by the British, as were Dinuzulu kaCetshwayo (for leading a Zulu army against British rule) and more than 5,000 Boers taken prisoner during the Second Boer War.",1
P002511,P002511_S000,"Between 1791 and 1833, Saint Helena became the site of a series of experiments in conservation, reforestation and attempts to boost rainfall artificially.",1
P002511,P002511_S001,This environmental intervention was closely linked to the conceptualisation of the processes of environmental change and helped establish the roots of environmentalism.,1
P002512,P002512_S000,"Most historical accounts state that the island was discovered on 21 May 1502 by the Galician navigator João da Nova sailing at the service of Portugal, and that he named it ""Santa Helena"" after Helena of Constantinople.",1
P002512,P002512_S001,"Another theory holds that the island found by da Nova was actually Tristan da Cunha, 2,430 kilometres (1,510 mi) to the south, and that Saint Helena was discovered by some of the ships attached to the squadron of Estêvão da Gama expedition on 30 July 1503 (as reported in the account of clerk Thomé Lopes).",1
P002512,P002512_S002,"However, a paper published in 2015 reviewed the discovery date and dismissed the 18 August as too late for da Nova to make a discovery and then return to Lisbon by 11 September 1502, whether he sailed from St Helena or Tristan da Cunha.",0
P002512,P002512_S003,"It demonstrates the 21 May is probably a Protestant rather than Catholic or Orthodox feast-day, first quoted in 1596 by Jan Huyghen van Linschoten, who was probably mistaken because the island was discovered several decades before the Reformation and start of Protestantism.",0
P002512,P002512_S004,"The alternative discovery date of 3 May, the Catholic feast-day for the finding of the True Cross by Saint Helena in Jerusalem, quoted by Odoardo Duarte Lopes and Sir Thomas Herbert is suggested as being historically more credible.",1
P002513,P002513_S000,"The Portuguese found the island uninhabited, with an abundance of trees and fresh water.",1
P002513,P002513_S001,"They imported livestock, fruit trees and vegetables, and built a chapel and one or two houses.",0
P002513,P002513_S002,"Though they formed no permanent settlement, the island was an important rendezvous point and source of food for ships travelling from Asia to Europe, and frequently sick mariners were left on the island to recover, before taking passage on the next ship to call on the island.",1
P002514,P002514_S000,Englishman Sir Francis Drake probably located the island on the final leg of his circumnavigation of the world (1577–1580).,1
P002514,P002514_S001,"Further visits by other English explorers followed, and, once Saint Helena’s location was more widely known, English ships of war began to lie in wait in the area to attack Portuguese India carracks on their way home.",1
P002514,P002514_S002,"In developing their Far East trade, the Dutch also began to frequent the island.",0
P002514,P002514_S003,"The Portuguese and Spanish soon gave up regularly calling at the island, partly because they used ports along the West African coast, but also because of attacks on their shipping, the desecration of their chapel and religious icons, destruction of their livestock and destruction of plantations by Dutch and English sailors.",1
P002515,P002515_S000,"The Dutch Republic formally made claim to Saint Helena in 1633, although there is no evidence that they ever occupied, colonised or fortified it.",1
P002515,P002515_S001,"By 1651, the Dutch had mainly abandoned the island in favour of their colony at the Cape of Good Hope.",1
P002516,P002516_S000,"In 1657, Oliver Cromwell granted the English East India Company a charter to govern Saint Helena and the following year the company decided to fortify the island and colonise it with planters.",1
P002516,P002516_S001,"The first governor, Captain John Dutton, arrived in 1659, making Saint Helena one of Britain's oldest colonies outside North America and the Caribbean.",1
P002516,P002516_S002,A fort and houses were built.,0
P002516,P002516_S003,"After the Restoration of the English monarchy in 1660, the East India Company received a royal charter giving it the sole right to fortify and colonise the island.",1
P002516,P002516_S004,"The fort was renamed James Fort and the town Jamestown, in honour of the Duke of York, later James II of England.",0
P002517,P002517_S000,"Between January and May 1673, the Dutch East India Company forcibly took the island, before English reinforcements restored English East India Company control.",1
P002517,P002517_S001,"The company experienced difficulty attracting new immigrants, and sentiments of unrest and rebellion fomented among the inhabitants.",0
P002517,P002517_S002,"Ecological problems, including deforestation, soil erosion, vermin and drought, led Governor Isaac Pyke to suggest in 1715 that the population be moved to Mauritius, but this was not acted upon and the company continued to subsidise the community because of the island's strategic location.",1
P002517,P002517_S003,"A census in 1723 recorded 1,110 people, including 610 slaves.",0
P002518,P002518_S000,"18th century governors tried to tackle the island's problems by implementing tree plantation, improving fortifications, eliminating corruption, building a hospital, tackling the neglect of crops and livestock, controlling the consumption of alcohol and introducing legal reforms.",1
P002518,P002518_S001,"From about 1770, the island enjoyed a lengthy period of prosperity.",0
P002518,P002518_S002,Captain James Cook visited the island in 1775 on the final leg of his second circumnavigation of the world.,0
P002518,P002518_S003,"St. James' Church was erected in Jamestown in 1774 and in 1791–92 Plantation House was built, and has since been the official residence of the Governor.",1
P002519,P002519_S000,"On leaving the University of Oxford, in 1676, Edmond Halley visited Saint Helena and set up an astronomical observatory with a 7.3-metre-long (24 ft) aerial telescope with the intention of studying stars from the Southern Hemisphere.",1
P002519,P002519_S001,"The site of this telescope is near Saint Mathew's Church in Hutt's Gate, in the Longwood district.",1
P002519,P002519_S002,"The 680-metre (2,230 ft) high hill there is named for him and is called Halley's Mount.",0
P002520,P002520_S000,"Throughout this period, Saint Helena was an important port of call of the East India Company.",1
P002520,P002520_S001,East Indiamen would stop there on the return leg of their voyages to British India and China.,0
P002520,P002520_S002,"At Saint Helena ships could replenish supplies of water and provisions, and during war time, form convoys that would sail under the protection of vessels of the Royal Navy.",1
P002520,P002520_S003,"Captain James Cook's vessel HMS Endeavour anchored and resupplied off the coast of St Helena in May 1771, on her return from the European discovery of the east coast of Australia and rediscovery of New Zealand.",1
P002521,P002521_S000,The importation of slaves was made illegal in 1792.,1
P002521,P002521_S001,Governor Robert Patton (1802–1807) recommended that the company import Chinese labour to supplement the rural workforce.,1
P002521,P002521_S002,"The coolie labourers arrived in 1810, and their numbers reached 600 by 1818.",0
P002521,P002521_S003,"Many were allowed to stay, and their descendents became integrated into the population.",0
P002521,P002521_S004,"An 1814 census recorded 3,507 people on the island.",0
P002522,P002522_S000,"In 1815, the British government selected Saint Helena as the place of detention of Napoleon Bonaparte.",1
P002522,P002522_S001,He was taken to the island in October 1815.,1
P002522,P002522_S002,"Napoleon stayed at the Briars pavilion on the grounds of the Balcombe family's home until his permanent residence, Longwood House, was completed in December 1815.",1
P002522,P002522_S003,Napoleon died there on 5 May 1821.,0
P002523,P002523_S000,"After Napoleon's death, the thousands of temporary visitors were soon withdrawn and the East India Company resumed full control of Saint Helena.",1
P002523,P002523_S001,"Between 1815 and 1830, the EIC made available to the government of the island the packet schooner St Helena, which made multiple trips per year between the island and the Cape carrying passengers both ways, and supplies of wine and provisions back to the island.",1
P002524,P002524_S000,"Owing to Napoleon's praise of Saint Helena’s coffee during his exile on the island, the product enjoyed a brief popularity in Paris in the years after his death.",1
P002525,P002525_S000,"Although the importation of slaves to St Helena had been banned in 1792, the phased emancipation of over 800 resident slaves did not take place until 1827, which was still some six years before the British Parliament passed legislation to ban slavery in the colonies.",1
P002526,P002526_S000,"Under the provisions of the 1833 India Act, control of Saint Helena was passed from the East India Company to the British Crown, becoming a crown colony.",1
P002526,P002526_S001,Subsequent administrative cost-cutting triggered the start of a long-term population decline whereby those who could afford to do so tended to leave the island for better opportunities elsewhere.,0
P002526,P002526_S002,"The latter half of the 19th century saw the advent of steam ships not reliant on trade winds, as well as the diversion of Far East trade away from the traditional South Atlantic shipping lanes to a route via the Red Sea (which, prior to the building of the Suez Canal, involved a short overland section).",1
P002526,P002526_S003,"These factors contributed to a decline in the number of ships calling at the island from 1,100 in 1855 to only 288 in 1889.",1
P002527,P002527_S000,"In 1840, a British naval station established to suppress the African slave trade was based on the island, and between 1840 and 1849 over 15,000 freed slaves, known as ""Liberated Africans"", were landed there.",1
P002528,P002528_S000,"In 1858, the French emperor Napoleon III successfully gained the possession, in the name of the French government, of Longwood House and the lands around it, last residence of Napoleon I (who died there in 1821).",1
P002528,P002528_S001,"It is still French property, administered by a French representative and under the authority of the French Ministry of Foreign Affairs.",1
P002529,P002529_S000,"On 11 April 1898 American Joshua Slocum, on his famous and epic solo round the world voyage arrived at Jamestown.",1
P002529,P002529_S001,"He departed on 20 April 1898 for the final leg of his circumnavigation having been extended hospitality from the governor, his Excellency Sir R A Standale, presented two lectures on his voyage and been invited to Longwood by the French Consular agent.",1
P002530,P002530_S000,A local industry manufacturing fibre from New Zealand flax was successfully reestablished in 1907 and generated considerable income during the First World War.,1
P002530,P002530_S001,"Ascension Island was made a dependency of Saint Helena in 1922, and Tristan da Cunha followed in 1938.",1
P002530,P002530_S002,"During the Second World War, the United States built Wideawake airport on Ascension in 1942, but no military use was made of Saint Helena.",1
P002531,P002531_S000,"During this period, the island enjoyed increased revenues through the sale of flax, with prices peaking in 1951.",1
P002531,P002531_S001,"However, the industry declined because of transportation costs and competition from synthetic fibres.",0
P002531,P002531_S002,"The decision by the British Post Office to use synthetic fibres for its mailbags was a further blow, contributing to the closure of the island's flax mills in 1965.",1
P002532,P002532_S000,"From 1958, the Union Castle shipping line gradually reduced its service calls to the island.",0
P002532,P002532_S001,"Curnow Shipping, based in Avonmouth, replaced the Union-Castle Line mailship service in 1977, using the RMS (Royal Mail Ship) St Helena.",1
P002533,P002533_S000,The British Nationality Act 1981 reclassified Saint Helena and the other Crown colonies as British Dependent Territories.,1
P002533,P002533_S001,The islanders lost their right of abode in Britain.,0
P002533,P002533_S002,"For the next 20 years, many could find only low-paid work with the island government, and the only available employment outside Saint Helena was on the Falkland Islands and Ascension Island.",1
P002533,P002533_S003,"The Development and Economic Planning Department, which still operates, was formed in 1988 to contribute to raising the living standards of the people of Saint Helena.",1
P002534,P002534_S000,"In 1989, Prince Andrew launched the replacement RMS St Helena to serve the island; the vessel was specially built for the Cardiff–Cape Town route and features a mixed cargo/passenger layout.",1
P002535,P002535_S000,"The Saint Helena Constitution took effect in 1989 and provided that the island would be governed by a Governor and Commander-in-Chief, and an elected Executive and Legislative Council.",1
P002535,P002535_S001,"In 2002, the British Overseas Territories Act 2002 granted full British citizenship to the islanders, and renamed the Dependent Territories (including Saint Helena) the British Overseas Territories.",1
P002535,P002535_S002,"In 2009, Saint Helena and its two territories received equal status under a new constitution, and the British Overseas Territory was renamed Saint Helena, Ascension and Tristan da Cunha.",1
P002536,P002536_S000,The UK government has spent £250 million in the construction of the island's airport.,1
P002536,P002536_S001,"Expected to be fully operational early 2016, it is expected to help the island towards self-sufficiency and encourage economic development, reducing dependence on British government aid.",0
P002536,P002536_S002,"The airport is also expected to kick start the tourism industry, with up to 30,000 visitors expected annually.",0
P002536,P002536_S003,"As of August, 2015 ticketing was postponed until an airline could be firmly designated.",0
P002537,P002537_S000,"Located in the South Atlantic Ocean on the Mid-Atlantic Ridge, more than 2,000 kilometres (1,200 mi) from the nearest major landmass, Saint Helena is one of the most remote places in the world.",1
P002537,P002537_S001,"The nearest port on the continent is Namibe in southern Angola, and the nearest international airport the Quatro de Fevereiro Airport of Angola's capital Luanda; connections to Cape Town in South Africa are used for most shipping needs, such as the mail boat that serves the island, the RMS St Helena.",1
P002537,P002537_S002,"The island is associated with two other isolated islands in the southern Atlantic, also British territories: Ascension Island about 1,300 kilometres (810 mi) due northwest in more equatorial waters and Tristan da Cunha, which is well outside the tropics 2,430 kilometres (1,510 mi) to the south.",1
P002537,P002537_S003,The island is situated in the Western Hemisphere and has the same longitude as Cornwall in the United Kingdom.,0
P002537,P002537_S004,"Despite its remote location, it is classified as being in West Africa by the United Nations.",0
P002538,P002538_S000,"The island of Saint Helena has a total area of 122 km2 (47 sq mi), and is composed largely of rugged terrain of volcanic origin (the last volcanic eruptions occurred about 7 million years ago).",1
P002538,P002538_S001,Coastal areas are covered in volcanic rock and warmer and drier than the centre.,0
P002538,P002538_S002,"The highest point of the island is Diana's Peak at 818 m (2,684 ft).",0
P002538,P002538_S003,In 1996 it became the island's first national park.,0
P002538,P002538_S004,"Much of the island is covered by New Zealand flax, a legacy of former industry, but there are some original trees augmented by plantations, including those of the Millennium Forest project which was established in 2002 to replant part of the lost Great Wood and is now managed by the Saint Helena National Trust.",1
P002538,P002538_S005,"When the island was discovered, it was covered with unique indigenous vegetation, including a remarkable cabbage tree species.",0
P002538,P002538_S006,The island's hinterland must have been a dense tropical forest but the coastal areas were probably also quite green.,0
P002538,P002538_S007,"The modern landscape is very different, with widespread bare rock in the lower areas, although inland it is green, mainly due to introduced vegetation.",0
P002538,P002538_S008,"There are no native land mammals, but cattle, cats, dogs, donkeys, goats, mice, rabbits, rats and sheep have been introduced, and native species have been adversely affected as a result.",0
P002538,P002538_S009,The dramatic change in landscape must be attributed to these introductions.,0
P002538,P002538_S010,"As a result, the string tree (Acalypha rubrinervis) and the St Helena olive (Nesiota elliptica) are now extinct, and many of the other endemic plants are threatened with extinction.",0
P002539,P002539_S000,"There are several rocks and islets off the coast, including: Castle Rock, Speery Island, the Needle, Lower Black Rock, Upper Black Rock (South), Bird Island (Southwest), Black Rock, Thompson's Valley Island, Peaked Island, Egg Island, Lady's Chair, Lighter Rock (West), Long Ledge (Northwest), Shore Island, George Island, Rough Rock Island, Flat Rock (East), the Buoys, Sandy Bay Island, the Chimney, White Bird Island and Frightus Rock (Southeast), all of which are within one kilometre (0.62 miles) of the shore.",1
P002540,P002540_S000,"The national bird of Saint Helena is the Saint Helena plover, known locally as the wirebird.",1
P002540,P002540_S001,It appears on the coat of arms of Saint Helena and on the flag.,1
P002541,P002541_S000,"The climate of Saint Helena is tropical, marine and mild, tempered by the Benguela Current and trade winds that blow almost continuously.",1
P002541,P002541_S001,The climate varies noticeably across the island.,0
P002541,P002541_S002,"Temperatures in Jamestown, on the north leeward shore, range between 21–28 °C (70–82 °F) in the summer (January to April) and 17–24 °C (63–75 °F) during the remainder of the year.",0
P002541,P002541_S003,"The temperatures in the central areas are, on average, 5–6 °C (9.0–10.8 °F) lower.",0
P002541,P002541_S004,"Jamestown also has a very low annual rainfall, while 750–1,000 mm (30–39 in) falls per year on the higher ground and the south coast, where it is also noticeably cloudier.",0
P002541,P002541_S005,There are weather recording stations in the Longwood and Blue Hill districts.,0
P002542,P002542_S000,"Saint Helena is divided into eight districts, each with a community centre.",1
P002542,P002542_S001,The districts also serve as statistical subdivisions.,0
P002542,P002542_S002,The island is a single electoral area and elects twelve representatives to the Legislative Council of fifteen.,1
P002543,P002543_S000,"Saint Helena was first settled by the English in 1659, and the island has a population of about 4,250 inhabitants, mainly descended from people from Britain – settlers (""planters"") and soldiers – and slaves who were brought there from the beginning of settlement – initially from Africa (the Cape Verde Islands, Gold Coast and west coast of Africa are mentioned in early records), then India and Madagascar.",1
P002543,P002543_S001,Eventually the planters felt there were too many slaves and no more were imported after 1792.,0
P002544,P002544_S000,"In 1840, St Helena became a provisioning station for the British West Africa Squadron, preventing slavery to Brazil (mainly), and many thousands of slaves were freed on the island.",1
P002544,P002544_S001,"These were all African, and about 500 stayed while the rest were sent on to the West Indies and Cape Town, and eventually to Sierra Leone.",1
P002545,P002545_S000,"Imported Chinese labourers arrived in 1810, reaching a peak of 618 in 1818, after which numbers were reduced.",1
P002545,P002545_S001,Only a few older men remained after the British Crown took over the government of the island from the East India Company in 1834.,1
P002545,P002545_S002,"The majority were sent back to China, although records in the Cape suggest that they never got any farther than Cape Town.",0
P002545,P002545_S003,There were also a very few Indian lascars who worked under the harbour master.,0
P002546,P002546_S000,The citizens of Saint Helena hold British Overseas Territories citizenship.,1
P002546,P002546_S001,"On 21 May 2002, full British citizenship was restored by the British Overseas Territories Act 2002.",1
P002546,P002546_S002,See also British nationality law.,0
P002547,P002547_S000,"During periods of unemployment, there has been a long pattern of emigration from the island since the post-Napoleonic period.",1
P002547,P002547_S001,"The majority of ""Saints"" emigrated to the UK, South Africa and in the early years, Australia.",0
P002547,P002547_S002,"The population has steadily declined since the late 1980s and has dropped from 5,157 at the 1998 census to 4,255 in 2008.",0
P002547,P002547_S003,"In the past emigration was characterised by young unaccompanied persons leaving to work on long-term contracts on Ascension and the Falkland Islands, but since ""Saints"" were re-awarded UK citizenship in 2002, emigration to the UK by a wider range of wage-earners has accelerated due to the prospect of higher wages and better progression prospects.",1
P002548,P002548_S000,"Most residents belong to the Anglican Communion and are members of the Diocese of St Helena, which has its own bishop and includes Ascension Island.",1
P002548,P002548_S001,The 150th anniversary of the diocese was celebrated in June 2009.,1
P002549,P002549_S000,"Other Christian denominations on the island include: Roman Catholic (since 1852), Salvation Army (since 1884), Baptist (since 1845) and, in more recent times, Seventh-day Adventist (since 1949), New Apostolic and Jehovah's Witnesses (of which one in 35 residents is a member, the highest ratio of any country).",1
P002549,P002549_S001,"The Catholics are pastorally served by the Mission sui iuris of Saint Helena, Ascension and Tristan da Cunha, whose office of ecclesiastical superior is vested in the Apostolic Prefecture of the Falkland Islands.",1
P002550,P002550_S000,Executive authority in Saint Helena is vested in Queen Elizabeth II and is exercised on her behalf by the Governor of Saint Helena.,1
P002550,P002550_S001,The Governor is appointed by the Queen on the advice of the British government.,1
P002550,P002550_S002,Defence and Foreign Affairs remain the responsibility of the United Kingdom.,1
P002551,P002551_S000,"There are fifteen seats in the Legislative Council of Saint Helena, a unicameral legislature, in addition to a Speaker and a Deputy Speaker.",1
P002551,P002551_S001,Twelve of the fifteen members are elected in elections held every four years.,0
P002551,P002551_S002,"The three ex officio members are the Chief Secretary, Financial Secretary and Attorney General.",0
P002551,P002551_S003,"The Executive Council is presided over by the Governor, and consists of three ex officio officers and five elected members of the Legislative Council appointed by the Governor.",0
P002551,P002551_S004,"There is no elected Chief Minister, and the Governor acts as the head of government.",0
P002551,P002551_S005,"In January 2013 it was proposed that the Executive Council would be led by a ""Chief Councillor"" who would be elected by the members of the Legislative Council and would nominate the other members of the Executive Council.",0
P002551,P002551_S006,These proposals were put to a referendum on 23 March 2013 where they were defeated by 158 votes to 42 on a 10% turnout.,0
P002552,P002552_S000,"One commentator has observed that, notwithstanding the high unemployment resulting from the loss of full passports during 1981–2002, the level of loyalty to the British monarchy by the St Helena population is probably not exceeded in any other part of the world.",1
P002552,P002552_S001,King George VI is the only reigning monarch to have visited the island.,0
P002552,P002552_S002,"This was in 1947 when the King, accompanied by Queen Elizabeth (later the Queen Mother), Princess Elizabeth (later Queen Elizabeth II) and Princess Margaret were travelling to South Africa.",1
P002552,P002552_S003,Prince Philip arrived at St Helena in 1957 and then his son Prince Andrew visited as a member of the armed forces in 1984 and his sister the Princess Royal arrived in 2002.,1
P002553,P002553_S000,"In 2012, the government of St. Helena funded the creation of the St. Helena Human Rights Action Plan 2012-2015.",1
P002553,P002553_S001,"Work is being done under this action plan, including publishing awareness-raising articles in local newspapers, providing support for members of the public with human rights queries, and extending several UN Conventions on human rights to St. Helena.",1
P002554,P002554_S000,In recent years[when?,0
P002554,P002554_S001,"], there have been reports of child abuse in St Helena.",0
P002554,P002554_S002,"Britain’s Foreign and Commonwealth Office (FCO) has been accused of lying to the United Nations about child abuse in St Helena to cover up allegations, including cases of a police officer having raped a four-year-old girl and of a police officer having mutilated a two-year-old.",1
P002555,P002555_S000,St Helena has long been known for its high proportion of endemic birds and vascular plants.,0
P002555,P002555_S001,The highland areas contain most of the 400 endemic species recognised to date.,0
P002555,P002555_S002,"Much of the island has been identified by BirdLife International as being important for bird conservation, especially the endemic Saint Helena plover or wirebird, and for seabirds breeding on the offshore islets and stacks, in the north-east and the south-west Important Bird Areas.",1
P002555,P002555_S003,"On the basis of these endemics and an exceptional range of habitats, Saint Helena is on the United Kingdom's tentative list for future UNESCO World Heritage Sites.",1
P002556,P002556_S000,"St Helena's biodiversity, however, also includes marine vertebrates, invertebrates (freshwater, terrestrial and marine), fungi (including lichen-forming species), non-vascular plants, seaweeds and other biological groups.",1
P002556,P002556_S001,"To date, very little is known about these, although more than 200 lichen-forming fungi have been recorded, including 9 endemics, suggesting that many significant discoveries remain to be made.",1
P002557,P002557_S000,"The island had a monocrop economy until 1966, based on the cultivation and processing of New Zealand flax for rope and string.",1
P002557,P002557_S001,"St Helena's economy is now weak, and is almost entirely sustained by aid from the British government.",0
P002557,P002557_S002,"The public sector dominates the economy, accounting for about 50% of gross domestic product.",0
P002557,P002557_S003,Inflation was running at 4% in 2005.,0
P002557,P002557_S004,"There have been increases in the cost of fuel, power and all imported goods.",0
P002558,P002558_S000,The tourist industry is heavily based on the promotion of Napoleon's imprisonment.,0
P002558,P002558_S001,A golf course also exists and the possibility for sportfishing tourism is great.,0
P002558,P002558_S002,Three hotels operate on the island but the arrival of tourists is directly linked to the arrival and departure schedule of the RMS St Helena.,1
P002558,P002558_S003,"Some 3,200 short-term visitors arrived on the island in 2013.",1
P002559,P002559_S000,Saint Helena produces what is said to be the most expensive coffee in the world.,0
P002559,P002559_S001,"It also produces and exports Tungi Spirit, made from the fruit of the prickly or cactus pears, Opuntia ficus-indica (""Tungi"" is the local St Helenian name for the plant).",1
P002559,P002559_S002,"Ascension Island, Tristan da Cunha and Saint Helena all issue their own postage stamps which provide a significant income.",1
P002560,P002560_S000,"Quoted at constant 2002 prices, GDP fell from £12 million in 1999-2000 to £11 million in 2005-06.",1
P002560,P002560_S001,Imports are mainly from the UK and South Africa and amounted to £6.4 million in 2004-05 (quoted on an FOB basis).,1
P002560,P002560_S002,"Exports are much smaller, amounting to £0.2 million in 2004-05.",0
P002560,P002560_S003,Exports are mainly fish and coffee; Philatelic sales were £0.06 million in 2004-05.,0
P002560,P002560_S004,"The limited number of visiting tourists spent about £0.4 million in 2004-05, representing a contribution to GDP of 3%.",0
P002561,P002561_S000,Public expenditure rose from £10 million in 2001-02 to £12 million in 2005-06 to £28m in 2012-13.,1
P002561,P002561_S001,The contribution of UK budgetary aid to total SHG government expenditure rose from £4.6 million in to £6.4 million to £12.1 million over the same period.,1
P002561,P002561_S002,Wages and salaries represent about 38% of recurrent expenditure.,0
P002562,P002562_S000,"Unemployment levels are low (31 individuals in 2013, compared to 50 in 2004 and 342 in 1998).",1
P002562,P002562_S001,"Employment is dominated by the public sector, the number of government positions has fallen from 1,142 in 2006 to just over 800 in 2013.",1
P002562,P002562_S002,St Helena’s private sector employs approximately 45% of the employed labour force and is largely dominated by small and micro businesses with 218 private businesses employing 886 in 2004.,0
P002563,P002563_S000,"Household survey results suggest the percentage of households spending less than £20 per week on a per capita basis fell from 27% to 8% between 2000 and 2004, implying a decline in income poverty.",1
P002563,P002563_S001,"Nevertheless, 22% of the population claimed social security benefit in 2006/7, most of them aged over 60, a sector that represents 20% of the population.",1
P002564,P002564_S000,"In 1821, Saul Solomon issued a 70,560 copper tokens worth a halfpenny each Payable at St Helena by Solomon, Dickson and Taylor – presumably London partners – that circulated alongside the East India Company's local coinage until the Crown took over the island in 1836.",1
P002564,P002564_S001,The coin remains readily available to collectors.,0
P002565,P002565_S000,"Today Saint Helena has its own currency, the Saint Helena pound, which is at parity with the pound sterling.",1
P002565,P002565_S001,The government of Saint Helena produces its own coinage and banknotes.,0
P002565,P002565_S002,The Bank of Saint Helena was established on Saint Helena and Ascension Island in 2004.,1
P002565,P002565_S003,"It has branches in Jamestown on Saint Helena, and Georgetown, Ascension Island and it took over the business of the St. Helena government savings bank and Ascension Island Savings Bank.",1
P002566,P002566_S000,"Saint Helena is one of the most remote islands in the world, has one commercial airport under construction, and travel to the island is by ship only.",1
P002566,P002566_S001,"A large military airfield is located on Ascension Island, with two Friday flights to RAF Brize Norton, England (as from September 2010).",1
P002566,P002566_S002,These RAF flights offer a limited number of seats to civilians.,0
P002567,P002567_S000,"The ship RMS Saint Helena runs between St Helena and Cape Town on a 5-day voyage, also visiting Ascension Island and Walvis Bay, and occasionally voyaging north to Tenerife and Portland, UK.",1
P002567,P002567_S001,"It berths in James Bay, St Helena approximately thirty times per year.",0
P002567,P002567_S002,The RMS Saint Helena was due for decommissioning in 2010.,1
P002567,P002567_S003,"However, its service life has been extended indefinitely until the airport is completed.",0
P002568,P002568_S000,"After a long period of rumour and consultation, the British government announced plans to construct an airport in Saint Helena in March 2005.",1
P002568,P002568_S001,The airport was expected to be completed by 2010.,0
P002568,P002568_S002,"However an approved bidder, the Italian firm Impregilo, was not chosen until 2008, and then the project was put on hold in November 2008, allegedly due to new financial pressures brought on by the Financial crisis of 2007–2010.",1
P002568,P002568_S003,"By January 2009, construction had not commenced and no final contracts had been signed.",0
P002568,P002568_S004,Governor Andrew Gurr departed for London in an attempt to speed up the process and solve the problems.,1
P002569,P002569_S000,"On 22 July 2010, the British government agreed to help pay for the new airport using taxpayer money.",1
P002569,P002569_S001,"In November 2011 a new deal between the British government and South African civil engineering company Basil Read was signed and the airport was scheduled to open in February 2016, with flights to and from South Africa and the UK.",1
P002569,P002569_S002,"In March 2015 South African airline Comair became the preferred bidder to provide weekly air service between the island and Johannesburg, starting from 2016.",1
P002570,P002570_S000,"The first aircraft, a South African Beechcraft King Air 200, landed at the new airport on 15 September 2015, prior to conducting a series of flights to calibrate the airport's radio navigation equipment.",1
P002571,P002571_S000,"The first helicopter landing at the new airfield was conducted by the Wildcat HMA.2 ZZ377 from 825 Squadron 201 Flight, embarked on visiting HMS Lancaster on 23 October 2015.",1
P002572,P002572_S000,"A minibus offers a basic service to carry people around Saint Helena, with most services designed to take people into Jamestown for a few hours on weekdays to conduct their business.",1
P002572,P002572_S001,Car hire is available for visitors.,0
P002573,P002573_S000,"Radio St Helena, which started operations on Christmas Day 1967, provided a local radio service that had a range of about 100 km (62 mi) from the island, and also broadcast internationally on shortwave radio (11092.5 kHz) on one day a year.",1
P002573,P002573_S001,"The station presented news, features and music in collaboration with its sister newspaper, the St Helena Herald.",1
P002573,P002573_S002,"It closed on 25 December 2012 to make way for a new three-channel FM service, also funded by St. Helena Government and run by the South Atlantic Media Services (formerly St. Helena Broadcasting (Guarantee) Corporation).",1
P002574,P002574_S000,Saint FM provided a local radio service for the island which was also available on internet radio and relayed in Ascension Island.,1
P002574,P002574_S001,The station was not government funded.,0
P002574,P002574_S002,It was launched in January 2005 and closed on 21 December 2012.,1
P002574,P002574_S003,"It broadcast news, features and music in collaboration with its sister newspaper, the St Helena Independent (which continues).",1
P002575,P002575_S000,Saint FM Community Radio took over the radio channels vacated by Saint FM and launched on 10 March 2013.,1
P002575,P002575_S001,The station operates as a limited-by-guarantee company owned by its members and is registered as a fund-raising Association.,1
P002575,P002575_S002,"Membership is open to everyone, and grants access to a live audio stream.",1
P002576,P002576_S000,"St Helena Online is a not-for-profit internet news service run from the UK by a former print and BBC journalist, working in partnership with Saint FM and the St Helena Independent.",1
P002577,P002577_S000,"Sure South Atlantic Ltd (""Sure"") offers television for the island via 17 analogue terrestrial UHF channels, offering a mix of British, US, and South African programming.",1
P002577,P002577_S001,"The channels are from DSTV and include Mnet, SuperSport and BBC channels.",1
P002577,P002577_S002,"The feed signal, from MultiChoice DStv in South Africa, is received by a satellite dish at Bryant's Beacon from Intelsat 7 in the Ku band.",1
P002578,P002578_S000,SURE provide the telecommunications service in the territory through a digital copper-based telephone network including ADSL-broadband service.,1
P002578,P002578_S001,"In August 2011 the first fibre-optic link has been installed on the island, which connects the television receive antennas at Bryant's Beacon to the Cable & Wireless Technical Centre in the Briars.",1
P002579,P002579_S000,A satellite ground station with a 7.6-metre (25 ft) satellite dish installed in 1989 at The Briars is the only international connection providing satellite links through Intelsat 707 to Ascension island and the United Kingdom.,1
P002579,P002579_S001,Since all international telephone and internet communications are relying on this single satellite link both internet and telephone service are subject to sun outages.,1
P002580,P002580_S000,"Saint Helena has the international calling code +290 which, since 2006, Tristan da Cunha shares.",1
P002580,P002580_S001,"Saint Helena telephone numbers changed from 4 to 5 digits on 1 October 2013 by being prefixed with the digit ""2"", i.e.",1
P002580,P002580_S002,"2xxxx, with the range 5xxxx being reserved for mobile numbering, and 8xxx being used for Tristan da Cunha numbers (these still shown as 4 digits).",1
P002581,P002581_S000,Saint Helena has a 10/3.6 Mbit/s internet link via Intelsat 707 provided by SURE.,1
P002581,P002581_S001,"Serving a population of more than 4,000, this single satellite link is considered inadequate in terms of bandwidth.",1
P002582,P002582_S000,ADSL-broadband service is provided with maximum speeds of up to 1536 KBit/s downstream and 512 KBit/s upstream offered on contract levels from lite £16 per month to gold+ at £190 per month.,1
P002582,P002582_S001,"There are a few public WiFi hotspots in Jamestown, which are also being operated by SURE (formerly Cable & Wireless).",1
P002583,P002583_S000,"The South Atlantic Express, a 10,000 km (6,214 mi) submarine communications cable connecting Africa to South America, run by the undersea fibre optic provider eFive, will pass St Helena relatively closely.",1
P002583,P002583_S001,"There were no plans to land the cable and install a landing station ashore, which could supply St Helena's population with sufficient bandwidth to fully leverage the benefits of today's Information Society.",1
P002583,P002583_S002,"In January 2012, a group of supporters petitioned the UK government to meet the cost of landing the cable at St Helena.",0
P002583,P002583_S003,"On 6 October 2012, eFive agreed to reroute the cable through St. Helena after a successful lobbying campaign by A Human Right, a San Francisco-based NGA working on initiatives to ensure all people are connected to the Internet.",1
P002583,P002583_S004,Islanders have sought the assistance of the UK Department for International Development and Foreign and Commonwealth Office in funding the £10m required to bridge the connection from a local junction box on the cable to the island.,0
P002583,P002583_S005,The UK Government have announced that a review of the island's economy would be required before such funding would be agreed to.,0
P002584,P002584_S000,"The island has two local newspapers, both of which are available on the Internet.",1
P002584,P002584_S001,The St Helena Independent has been published since November 2005.,1
P002584,P002584_S002,The Sentinel newspaper was introduced in 2012.,1
P002585,P002585_S000,"Education is free and compulsory between the ages of 5 and 16  The island has three primary schools for students of age 4 to 11: Harford, Pilling, and St Paul’s.",1
P002585,P002585_S001,Prince Andrew School provides secondary education for students aged 11 to 18.,0
P002585,P002585_S002,"At the beginning of the academic year 2009-10, 230 students were enrolled in primary school and 286 in secondary school.",0
P002586,P002586_S000,"The Education and Employment Directorate also offers programmes for students with special needs, vocational training, adult education, evening classes, and distance learning.",1
P002586,P002586_S001,The island has a public library (the oldest in the Southern Hemisphere) and a mobile library service which operates weekly rural areas.,1
P002587,P002587_S000,The UK national curriculum is adapted for local use.,1
P002587,P002587_S001,"A range of qualifications are offered – from GCSE, A/S and A2, to Level 3 Diplomas and VRQ qualifications:",1
P002588,P002588_S000,"Sports played on the island include football, cricket, volleyball, tennis, golf, motocross, shooting sports and yachting.",1
P002588,P002588_S001,Saint Helena has sent teams to a number of Commonwealth Games.,0
P002588,P002588_S002,Saint Helena is a member of the International Island Games Association.,1
P002588,P002588_S003,The Saint Helena cricket team made its debut in international cricket in Division Three of the African region of the World Cricket League in 2011.,1
P002589,P002589_S000,"The Governor's Cup is a yacht race between Cape Town and Saint Helena island, held every two years in December/January; the most recent event was in December 2010.",1
P002589,P002589_S001,"In Jamestown a timed run takes place up Jacob's Ladder every year, with people coming from all over the world to take part.",1
P002590,P002590_S000,There are scouting and guiding groups on Saint Helena and Ascension Island.,0
P002590,P002590_S001,Scouting was established on Saint Helena island in 1912.,1
P002590,P002590_S002,Lord and Lady Baden-Powell visited the Scouts on Saint Helena on the return from their 1937 tour of Africa.,1
P002590,P002590_S003,The visit is described in Lord Baden-Powell's book entitled African Adventures.,1
P002591,P002591_S000,"In phonetics, aspiration is the strong burst of breath that accompanies either the release or, in the case of preaspiration, the closure of some obstruents.",1
P002591,P002591_S001,"In English, aspirated consonants are allophones in complementary distribution with their unaspirated counterparts, but in some other languages, notably most Indian and East Asian languages, the difference is contrastive.",1
P002592,P002592_S000,"To feel or see the difference between aspirated and unaspirated sounds, one can put a hand or a lit candle in front of one's mouth, and say pin [pʰɪn] and then spin [spɪn].",1
P002592,P002592_S001,One should either feel a puff of air or see a flicker of the candle flame with pin that one does not get with spin.,1
P002592,P002592_S002,"In most dialects of English, the initial consonant is aspirated in pin and unaspirated in spin.",0
P002593,P002593_S000,"In the International Phonetic Alphabet (IPA), aspirated consonants are written using the symbols for voiceless consonants followed by the aspiration modifier letter ⟨◌ʰ⟩, a superscript form of the symbol for the voiceless glottal fricative ⟨h⟩.",1
P002593,P002593_S001,"For instance, ⟨p⟩ represents the voiceless bilabial stop, and ⟨pʰ⟩ represents the aspirated bilabial stop.",1
P002594,P002594_S000,Voiced consonants are seldom actually aspirated.,0
P002594,P002594_S001,"Symbols for voiced consonants followed by ⟨◌ʰ⟩, such as ⟨bʰ⟩, typically represent consonants with breathy voiced release (see below).",1
P002594,P002594_S002,"In the grammatical tradition of Sanskrit, aspirated consonants are called voiceless aspirated, and breathy-voiced consonants are called voiced aspirated.",0
P002595,P002595_S000,There are no dedicated IPA symbols for degrees of aspiration and typically only two degrees are marked: unaspirated ⟨k⟩ and aspirated ⟨kʰ⟩.,1
P002595,P002595_S001,"An old symbol for light aspiration was ⟨ʻ⟩, but this is now obsolete.",0
P002595,P002595_S002,The aspiration modifier letter may be doubled to indicate especially strong or long aspiration.,0
P002595,P002595_S003,"Hence, the two degrees of aspiration in Korean stops are sometimes transcribed ⟨kʰ kʰʰ⟩ or ⟨kʻ⟩ and ⟨kʰ⟩, but they are usually transcribed [k] and [kʰ], with the details of voice-onset time given numerically.",1
P002596,P002596_S000,Preaspirated consonants are marked by placing the aspiration modifier letter before the consonant symbol: ⟨ʰp⟩ represents the preaspirated bilabial stop.,1
P002597,P002597_S000,"Unaspirated or tenuis consonants are occasionally marked with the modifier letter for unaspiration ⟨◌˭⟩, a superscript equal sign: ⟨t˭⟩.",1
P002597,P002597_S001,"Usually, however, unaspirated consonants are left unmarked: ⟨t⟩.",0
P002598,P002598_S000,"Voiceless consonants are produced with the vocal folds open (spread) and not vibrating, and voiced consonants are produced when the vocal folds are fractionally closed and vibrating (modal voice).",0
P002598,P002598_S001,Voiceless aspiration occurs when the vocal cords remain open after a consonant is released.,0
P002598,P002598_S002,"An easy way to measure this is by noting the consonant's voice-onset time, as the voicing of a following vowel cannot begin until the vocal cords close.",1
P002599,P002599_S000,"Phonetically in some languages, such as Navajo, aspiration of stops tends to be realised as voiceless velar airflow; aspiration of affricates is realised as an extended length of the frication.",1
P002600,P002600_S000,Aspirated consonants are not always followed by vowels or other voiced sounds.,0
P002600,P002600_S001,"For example, in Eastern Armenian, aspiration is contrastive even word-finally, and aspirated consonants occur in consonant clusters.",1
P002600,P002600_S002,"In Wahgi, consonants are aspirated only in final position.",0
P002601,P002601_S000,"Armenian and Cantonese have aspiration that lasts about as long as English aspirated stops, in addition to unaspirated stops.",1
P002601,P002601_S001,Korean has lightly aspirated stops that fall between the Armenian and Cantonese unaspirated and aspirated stops as well as strongly aspirated stops whose aspiration lasts longer than that of Armenian or Cantonese.,0
P002601,P002601_S002,(See voice-onset time.),0
P002602,P002602_S000,Aspiration varies with place of articulation.,0
P002602,P002602_S001,"The Spanish voiceless stops /p t k/ have voice-onset times (VOTs) of about 5, 10, and 30 milliseconds, whereas English aspirated /p t k/ have VOTs of about 60, 70, and 80 ms. Voice-onset time in Korean has been measured at 20, 25, and 50 ms for /p t k/ and 90, 95, and 125 for /pʰ tʰ kʰ/.",1
P002603,P002603_S000,"When aspirated consonants are doubled or geminated, the stop is held longer and then has an aspirated release.",0
P002603,P002603_S001,"An aspirated affricate consists of a stop, fricative, and aspirated release.",0
P002603,P002603_S002,A doubled aspirated affricate has a longer hold in the stop portion and then has a release consisting of the fricative and aspiration.,0
P002604,P002604_S000,Icelandic and Faroese have preaspirated [ʰp ʰt ʰk]; some scholars interpret these as consonant clusters as well.,1
P002604,P002604_S001,"In Icelandic, preaspirated stops contrast with double stops and single stops:",0
P002605,P002605_S000,"Preaspirated stops also occur in most Sami languages; for example, in North Sami, the unvoiced stop and affricate phonemes /p/, /t/, /ts/, /tʃ/, /k/ are pronounced preaspirated ([ʰp], [ʰt] [ʰts], [ʰtʃ], [ʰk]) when they occur in medial or final position.",1
P002606,P002606_S000,"Although most aspirated obstruents in the world's language are stops and affricates, aspirated fricatives such as [sʰ], [fʰ] or [ɕʰ] have been documented in Korean, in a few Tibeto-Burman languages, in some Oto-Manguean languages, and in the Siouan language Ofo.",1
P002606,P002606_S001,"Some languages, such as Choni Tibetan, have up to four contrastive aspirated fricatives [sʰ] [ɕʰ], [ʂʰ] and [xʰ].",1
P002607,P002607_S000,"True aspirated voiced consonants, as opposed to murmured (breathy-voice) consonants such as the [bʱ], [dʱ], [ɡʱ] that are common in the languages of India, are extremely rare.",1
P002607,P002607_S001,"They have been documented in Kelabit Taa, and the Kx'a languages.",0
P002607,P002607_S002,"Reported aspirated voiced stops, affricates and clicks are [b͡pʰ, d͡tʰ, d͡tsʰ, d͡tʃʰ, ɡ͡kʰ, ɢ͡qʰ, ᶢʘʰ, ᶢǀʰ, ᶢǁʰ, ᶢǃʰ, ᶢǂʰ].",1
P002608,P002608_S000,Aspiration has varying significance in different languages.,0
P002608,P002608_S001,"It is either allophonic or phonemic, and may be analyzed as an underlying consonant cluster.",1
P002609,P002609_S000,"In some languages, such as English, aspiration is allophonic.",0
P002609,P002609_S001,"Stops are distinguished primarily by voicing, and voiceless stops are sometimes aspirated, while voiced stops are usually unaspirated.",0
P002610,P002610_S000,"They are unaspirated for almost all speakers when immediately following word-initial s, as in spill, still, skill.",0
P002610,P002610_S001,"After an s elsewhere in a word they are normally unaspirated as well, except sometimes in compound words.",0
P002610,P002610_S002,"When the consonants in a cluster like st are analyzed as belonging to different morphemes (heteromorphemic) the stop is aspirated, but when they are analyzed as belonging to one morpheme the stop is unaspirated.",1
P002610,P002610_S003,"[citation needed] For instance, distend has unaspirated [t] since it is not analyzed as two morphemes, but distaste has an aspirated middle [tʰ] because it is analyzed as dis- + taste and the word taste has an aspirated initial t.",1
P002611,P002611_S000,"In many languages, such as Armenian, Korean, Thai, Indo-Aryan languages, Dravidian languages, Icelandic, Ancient Greek, and the varieties of Chinese, tenuis and aspirated consonants are phonemic.",1
P002611,P002611_S001,"Unaspirated consonants like [p˭ s˭] and aspirated consonants like [pʰ ʰp sʰ] are separate phonemes, and words are distinguished by whether they have one or the other.",1
P002612,P002612_S000,"In Danish and most southern varieties of German, the ""lenis"" consonants transcribed for historical reasons as ⟨b d ɡ⟩ are distinguished from their fortis counterparts ⟨p t k⟩, mainly in their lack of aspiration.",1
P002613,P002613_S000,"Standard Chinese (Mandarin) has stops and affricates distinguished by aspiration: for instance, /t tʰ/, /t͡s t͡sʰ/.",1
P002613,P002613_S001,"In pinyin, tenuis stops are written with letters that represent voiced consonants in English, and aspirated stops with letters that represent voiceless consonants.",0
P002613,P002613_S002,"Thus d represents /t/, and t represents /tʰ/.",0
P002614,P002614_S000,Wu Chinese has a three-way distinction in stops and affricates: /p pʰ b/.,1
P002614,P002614_S001,"In addition to aspirated and unaspirated consonants, there is a series of muddy consonants, like /b/.",0
P002614,P002614_S002,"These are pronounced with slack or breathy voice: that is, they are weakly voiced.",0
P002614,P002614_S003,Muddy consonants as initial cause a syllable to be pronounced with low pitch or light (陽 yáng) tone.,1
P002615,P002615_S000,Many Indo-Aryan languages have aspirated stops.,0
P002615,P002615_S001,"Sanskrit, Hindi, Bengali, Marathi, and Gujarati have a four-way distinction in stops: voiceless, aspirated, voiced, and breathy-voiced or voiced aspirated, such as /p pʰ b bʱ/.",1
P002615,P002615_S002,"Punjabi has lost breathy-voiced consonants, which resulted in a tone system, and therefore has a distinction between voiceless, aspirated, and voiced: /p pʰ b/.",1
P002616,P002616_S000,"Some of the Dravidian languages, such as Telugu, Tamil, Malayalam, and Kannada, have a distinction between voiced and voiceless, aspirated and unaspirated only in loanwords from Indo-Aryan languages.",1
P002616,P002616_S001,"In native Dravidian words, there is no distinction between these categories and stops are underspecified for voicing and aspiration.",1
P002617,P002617_S000,Western Armenian has a two-way distinction between aspirated and voiced: /tʰ d/.,1
P002617,P002617_S001,"Western Armenian aspirated /tʰ/ corresponds to Eastern Armenian aspirated /tʰ/ and voiced /d/, and Western voiced /d/ corresponds to Eastern voiceless /t/.",1
P002618,P002618_S000,Some forms of Greek before the Koine Greek period are reconstructed as having aspirated stops.,1
P002618,P002618_S001,The Classical Attic dialect of Ancient Greek had a three-way distinction in stops like Eastern Armenian: /t tʰ d/.,1
P002618,P002618_S002,"These stops were called ψιλά, δασέα, μέσα ""thin, thick, middle"" by Koine Greek grammarians.",1
P002619,P002619_S000,"There were aspirated stops at three places of articulation: labial, coronal, and velar /pʰ tʰ kʰ/.",1
P002619,P002619_S001,"Earlier Greek, represented by Mycenaean Greek, likely had a labialized velar aspirated stop /kʷʰ/, which later became labial, coronal, or velar depending on dialect and phonetic environment.",1
P002620,P002620_S000,"The other Ancient Greek dialects, Ionic, Doric, Aeolic, and Arcadocypriot, likely had the same three-way distinction at one point, but Doric seems to have had a fricative in place of /tʰ/ in the Classical period, and the Ionic and Aeolic dialects sometimes lost aspiration (psilosis).",1
P002621,P002621_S000,"Later, during the Koine Greek period, the aspirated and voiceless stops /tʰ d/ of Attic Greek lenited to voiceless and voiced fricatives, yielding /θ ð/ in Medieval and Modern Greek.",1
P002622,P002622_S000,"The term aspiration sometimes refers to the sound change of debuccalization, in which a consonant is lenited (weakened) to become a glottal stop or fricative [ʔ h ɦ].",1
P002623,P002623_S000,"So-called voiced aspirated consonants are nearly always pronounced instead with breathy voice, a type of phonation or vibration of the vocal folds.",1
P002623,P002623_S001,"The modifier letter ⟨◌ʰ⟩ after a voiced consonant actually represents a breathy-voiced or murmured dental stop, as with the ""voiced aspirated"" bilabial stop ⟨bʰ⟩ in the Indo-Aryan languages.",1
P002623,P002623_S002,"This consonant is therefore more accurately transcribed as ⟨b̤⟩, with the diacritic for breathy voice, or with the modifier letter ⟨bʱ⟩, a superscript form of the symbol for the voiced glottal fricative ⟨ɦ⟩.",1
P002624,P002624_S000,"Some linguists restrict the double-dot subscript ⟨◌̤⟩ to murmured sonorants, such as vowels and nasals, which are murmured throughout their duration, and use the superscript hook-aitch ⟨◌ʱ⟩ for the breathy-voiced release of obstruents.",1
P002625,P002625_S000,Hydrogen is a chemical element with chemical symbol H and atomic number 1.,0
P002625,P002625_S001,"With an atomic weight of 7000100794000000000♠1.00794 u, hydrogen is the lightest element on the periodic table.",0
P002625,P002625_S002,"Its monatomic form (H) is the most abundant chemical substance in the Universe, constituting roughly 75% of all baryonic mass.",0
P002625,P002625_S003,[note 1] Non-remnant stars are mainly composed of hydrogen in its plasma state.,0
P002625,P002625_S004,"The most common isotope of hydrogen, termed protium (name rarely used, symbol 1H), has one proton and no neutrons.",0
P002626,P002626_S000,The universal emergence of atomic hydrogen first occurred during the recombination epoch.,0
P002626,P002626_S001,"At standard temperature and pressure, hydrogen is a colorless, odorless, tasteless, non-toxic, nonmetallic, highly combustible diatomic gas with the molecular formula H2.",0
P002626,P002626_S002,"Since hydrogen readily forms covalent compounds with most non-metallic elements, most of the hydrogen on Earth exists in molecular forms such as in the form of water or organic compounds.",0
P002626,P002626_S003,Hydrogen plays a particularly important role in acid–base reactions as many acid-base reactions involve the exchange of protons between soluble molecules.,0
P002626,P002626_S004,"In ionic compounds, hydrogen can take the form of a negative charge (i.e., anion) when it is known as a hydride, or as a positively charged (i.e., cation) species denoted by the symbol H+.",0
P002626,P002626_S005,"The hydrogen cation is written as though composed of a bare proton, but in reality, hydrogen cations in ionic compounds are always more complex species than that would suggest.",0
P002626,P002626_S006,"As the only neutral atom for which the Schrödinger equation can be solved analytically, study of the energetics and bonding of the hydrogen atom has played a key role in the development of quantum mechanics.",0
P002627,P002627_S000,"Hydrogen gas was first artificially produced in the early 16th century, via the mixing of metals with acids.",1
P002627,P002627_S001,"In 1766–81, Henry Cavendish was the first to recognize that hydrogen gas was a discrete substance, and that it produces water when burned, a property which later gave it its name: in Greek, hydrogen means ""water-former"".",1
P002628,P002628_S000,"Industrial production is mainly from the steam reforming of natural gas, and less often from more energy-intensive hydrogen production methods like the electrolysis of water.",0
P002628,P002628_S001,"Most hydrogen is employed near its production site, with the two largest uses being fossil fuel processing (e.g., hydrocracking) and ammonia production, mostly for the fertilizer market.",1
P002628,P002628_S002,"Hydrogen is a concern in metallurgy as it can embrittle many metals, complicating the design of pipelines and storage tanks.",1
P002629,P002629_S000,Hydrogen gas (dihydrogen or molecular hydrogen) is highly flammable and will burn in air at a very wide range of concentrations between 4% and 75% by volume.,1
P002629,P002629_S001,The enthalpy of combustion for hydrogen is −286 kJ/mol:,1
P002630,P002630_S000,Hydrogen gas forms explosive mixtures with air if it is 4–74% concentrated and with chlorine if it is 5–95% concentrated.,0
P002630,P002630_S001,"The mixtures may be ignited by spark, heat or sunlight.",0
P002630,P002630_S002,"The hydrogen autoignition temperature, the temperature of spontaneous ignition in air, is 500 °C (932 °F).",0
P002630,P002630_S003,"Pure hydrogen-oxygen flames emit ultraviolet light and with high oxygen mix are nearly invisible to the naked eye, as illustrated by the faint plume of the Space Shuttle Main Engine compared to the highly visible plume of a Space Shuttle Solid Rocket Booster.",1
P002630,P002630_S004,The detection of a burning hydrogen leak may require a flame detector; such leaks can be very dangerous.,0
P002630,P002630_S005,"Hydrogen flames in other conditions are blue, resembling blue natural gas flames.",0
P002630,P002630_S006,"The destruction of the Hindenburg airship was an infamous example of hydrogen combustion; the cause is debated, but the visible orange flames were the result of a rich mixture of hydrogen to oxygen combined with carbon compounds from the airship skin.",0
P002631,P002631_S000,H2 reacts with every oxidizing element.,0
P002631,P002631_S001,"Hydrogen can react spontaneously and violently at room temperature with chlorine and fluorine to form the corresponding hydrogen halides, hydrogen chloride and hydrogen fluoride, which are also potentially dangerous acids.",1
P002632,P002632_S000,"The energy levels of hydrogen can be calculated fairly accurately using the Bohr model of the atom, which conceptualizes the electron as ""orbiting"" the proton in analogy to the Earth's orbit of the Sun.",1
P002632,P002632_S001,"However, the electromagnetic force attracts electrons and protons to one another, while planets and celestial objects are attracted to each other by gravity.",0
P002632,P002632_S002,"Because of the discretization of angular momentum postulated in early quantum mechanics by Bohr, the electron in the Bohr model can only occupy certain allowed distances from the proton, and therefore only certain allowed energies.",0
P002633,P002633_S000,"A more accurate description of the hydrogen atom comes from a purely quantum mechanical treatment that uses the Schrödinger equation, Dirac equation or even the Feynman path integral formulation to calculate the probability density of the electron around the proton.",1
P002633,P002633_S001,The most complicated treatments allow for the small effects of special relativity and vacuum polarization.,0
P002633,P002633_S002,"In the quantum mechanical treatment, the electron in a ground state hydrogen atom has no angular momentum at all—an illustration of how the ""planetary orbit"" conception of electron motion differs from reality.",1
P002634,P002634_S000,There exist two different spin isomers of hydrogen diatomic molecules that differ by the relative spin of their nuclei.,0
P002634,P002634_S001,"In the orthohydrogen form, the spins of the two protons are parallel and form a triplet state with a molecular spin quantum number of 1 (1⁄2+1⁄2); in the parahydrogen form the spins are antiparallel and form a singlet with a molecular spin quantum number of 0 (1⁄2–1⁄2).",1
P002634,P002634_S002,"At standard temperature and pressure, hydrogen gas contains about 25% of the para form and 75% of the ortho form, also known as the ""normal form"".",0
P002634,P002634_S003,"The equilibrium ratio of orthohydrogen to parahydrogen depends on temperature, but because the ortho form is an excited state and has a higher energy than the para form, it is unstable and cannot be purified.",0
P002634,P002634_S004,"At very low temperatures, the equilibrium state is composed almost exclusively of the para form.",0
P002634,P002634_S005,"The liquid and gas phase thermal properties of pure parahydrogen differ significantly from those of the normal form because of differences in rotational heat capacities, as discussed more fully in spin isomers of hydrogen.",0
P002634,P002634_S006,"The ortho/para distinction also occurs in other hydrogen-containing molecules or functional groups, such as water and methylene, but is of little significance for their thermal properties.",0
P002635,P002635_S000,The uncatalyzed interconversion between para and ortho H2 increases with increasing temperature; thus rapidly condensed H2 contains large quantities of the high-energy ortho form that converts to the para form very slowly.,1
P002635,P002635_S001,"The ortho/para ratio in condensed H2 is an important consideration in the preparation and storage of liquid hydrogen: the conversion from ortho to para is exothermic and produces enough heat to evaporate some of the hydrogen liquid, leading to loss of liquefied material.",1
P002635,P002635_S002,"Catalysts for the ortho-para interconversion, such as ferric oxide, activated carbon, platinized asbestos, rare earth metals, uranium compounds, chromic oxide, or some nickel compounds, are used during hydrogen cooling.",1
P002636,P002636_S000,"While H2 is not very reactive under standard conditions, it does form compounds with most elements.",0
P002636,P002636_S001,"Hydrogen can form compounds with elements that are more electronegative, such as halogens (e.g., F, Cl, Br, I), or oxygen; in these compounds hydrogen takes on a partial positive charge.",1
P002636,P002636_S002,"When bonded to fluorine, oxygen, or nitrogen, hydrogen can participate in a form of medium-strength noncovalent bonding with other similar molecules between their hydrogens called hydrogen bonding, which is critical to the stability of many biological molecules.",0
P002636,P002636_S003,"Hydrogen also forms compounds with less electronegative elements, such as the metals and metalloids, in which it takes on a partial negative charge.",0
P002636,P002636_S004,These compounds are often known as hydrides.,0
P002637,P002637_S000,"Hydrogen forms a vast array of compounds with carbon called the hydrocarbons, and an even vaster array with heteroatoms that, because of their general association with living things, are called organic compounds.",1
P002637,P002637_S001,The study of their properties is known as organic chemistry and their study in the context of living organisms is known as biochemistry.,0
P002637,P002637_S002,"By some definitions, ""organic"" compounds are only required to contain carbon.",0
P002637,P002637_S003,"However, most of them also contain hydrogen, and because it is the carbon-hydrogen bond which gives this class of compounds most of its particular chemical characteristics, carbon-hydrogen bonds are required in some definitions of the word ""organic"" in chemistry.",1
P002637,P002637_S004,"Millions of hydrocarbons are known, and they are usually formed by complicated synthetic pathways, which seldom involve elementary hydrogen.",0
P002638,P002638_S000,"Compounds of hydrogen are often called hydrides, a term that is used fairly loosely.",0
P002638,P002638_S001,"The term ""hydride"" suggests that the H atom has acquired a negative or anionic character, denoted H−, and is used when hydrogen forms a compound with a more electropositive element.",0
P002638,P002638_S002,"The existence of the hydride anion, suggested by Gilbert N. Lewis in 1916 for group I and II salt-like hydrides, was demonstrated by Moers in 1920 by the electrolysis of molten lithium hydride (LiH), producing a stoichiometry quantity of hydrogen at the anode.",1
P002638,P002638_S003,"For hydrides other than group I and II metals, the term is quite misleading, considering the low electronegativity of hydrogen.",0
P002638,P002638_S004,"An exception in group II hydrides is BeH
2, which is polymeric.",0
P002638,P002638_S005,"In lithium aluminium hydride, the AlH−
4 anion carries hydridic centers firmly attached to the Al(III).",0
P002639,P002639_S000,"Although hydrides can be formed with almost all main-group elements, the number and combination of possible compounds varies widely; for example, there are over 100 binary borane hydrides known, but only one binary aluminium hydride.",1
P002639,P002639_S001,"Binary indium hydride has not yet been identified, although larger complexes exist.",0
P002640,P002640_S000,"In inorganic chemistry, hydrides can also serve as bridging ligands that link two metal centers in a coordination complex.",1
P002640,P002640_S001,"This function is particularly common in group 13 elements, especially in boranes (boron hydrides) and aluminium complexes, as well as in clustered carboranes.",1
P002641,P002641_S000,"Oxidation of hydrogen removes its electron and gives H+, which contains no electrons and a nucleus which is usually composed of one proton.",1
P002641,P002641_S001,That is why H+ is often called a proton.,0
P002641,P002641_S002,This species is central to discussion of acids.,0
P002641,P002641_S003,"Under the Bronsted-Lowry theory, acids are proton donors, while bases are proton acceptors.",0
P002642,P002642_S000,"A bare proton, H+, cannot exist in solution or in ionic crystals, because of its unstoppable attraction to other atoms or molecules with electrons.",0
P002642,P002642_S001,"Except at the high temperatures associated with plasmas, such protons cannot be removed from the electron clouds of atoms and molecules, and will remain attached to them.",0
P002642,P002642_S002,"However, the term 'proton' is sometimes used loosely and metaphorically to refer to positively charged or cationic hydrogen attached to other species in this fashion, and as such is denoted ""H+"" without any implication that any single protons exist freely as a species.",1
P002643,P002643_S000,"To avoid the implication of the naked ""solvated proton"" in solution, acidic aqueous solutions are sometimes considered to contain a less unlikely fictitious species, termed the ""hydronium ion"" (H
3O+).",1
P002643,P002643_S001,"However, even in this case, such solvated hydrogen cations are more realistically conceived as being organized into clusters that form species closer to H
9O+
4.",0
P002643,P002643_S002,Other oxonium ions are found when water is in acidic solution with other solvents.,0
P002644,P002644_S000,"Although exotic on Earth, one of the most common ions in the universe is the H+
3 ion, known as protonated molecular hydrogen or the trihydrogen cation.",1
P002645,P002645_S000,"Hydrogen has three naturally occurring isotopes, denoted 1H, 2H and 3H.",1
P002645,P002645_S001,"Other, highly unstable nuclei (4H to 7H) have been synthesized in the laboratory but not observed in nature.",1
P002646,P002646_S000,Hydrogen is the only element that has different names for its isotopes in common use today.,1
P002646,P002646_S001,"During the early study of radioactivity, various heavy radioactive isotopes were given their own names, but such names are no longer used, except for deuterium and tritium.",0
P002646,P002646_S002,"The symbols D and T (instead of 2H and 3H) are sometimes used for deuterium and tritium, but the corresponding symbol for protium, P, is already in use for phosphorus and thus is not available for protium.",0
P002646,P002646_S003,"In its nomenclatural guidelines, the International Union of Pure and Applied Chemistry allows any of D, T, 2H, and 3H to be used, although 2H and 3H are preferred.",1
P002647,P002647_S000,"In 1671, Robert Boyle discovered and described the reaction between iron filings and dilute acids, which results in the production of hydrogen gas.",1
P002647,P002647_S001,"In 1766, Henry Cavendish was the first to recognize hydrogen gas as a discrete substance, by naming the gas from a metal-acid reaction ""flammable air"".",1
P002647,P002647_S002,"He speculated that ""flammable air"" was in fact identical to the hypothetical substance called ""phlogiston"" and further finding in 1781 that the gas produces water when burned.",0
P002647,P002647_S003,He is usually given credit for its discovery as an element.,0
P002647,P002647_S004,"In 1783, Antoine Lavoisier gave the element the name hydrogen (from the Greek ὑδρο- hydro meaning ""water"" and -γενής genes meaning ""creator"") when he and Laplace reproduced Cavendish's finding that water is produced when hydrogen is burned.",1
P002648,P002648_S000,Lavoisier produced hydrogen for his experiments on mass conservation by reacting a flux of steam with metallic iron through an incandescent iron tube heated in a fire.,1
P002648,P002648_S001,Anaerobic oxidation of iron by the protons of water at high temperature can be schematically represented by the set of following reactions:,1
P002649,P002649_S000,"Hydrogen was liquefied for the first time by James Dewar in 1898 by using regenerative cooling and his invention, the vacuum flask.",1
P002649,P002649_S001,He produced solid hydrogen the next year.,0
P002649,P002649_S002,"Deuterium was discovered in December 1931 by Harold Urey, and tritium was prepared in 1934 by Ernest Rutherford, Mark Oliphant, and Paul Harteck.",1
P002649,P002649_S003,"Heavy water, which consists of deuterium in the place of regular hydrogen, was discovered by Urey's group in 1932.",0
P002649,P002649_S004,"François Isaac de Rivaz built the first de Rivaz engine, an internal combustion engine powered by a mixture of hydrogen and oxygen in 1806.",1
P002649,P002649_S005,Edward Daniel Clarke invented the hydrogen gas blowpipe in 1819.,0
P002649,P002649_S006,The Döbereiner's lamp and limelight were invented in 1823.,0
P002650,P002650_S000,The first hydrogen-filled balloon was invented by Jacques Charles in 1783.,1
P002650,P002650_S001,Hydrogen provided the lift for the first reliable form of air-travel following the 1852 invention of the first hydrogen-lifted airship by Henri Giffard.,1
P002650,P002650_S002,German count Ferdinand von Zeppelin promoted the idea of rigid airships lifted by hydrogen that later were called Zeppelins; the first of which had its maiden flight in 1900.,0
P002650,P002650_S003,"Regularly scheduled flights started in 1910 and by the outbreak of World War I in August 1914, they had carried 35,000 passengers without a serious incident.",1
P002650,P002650_S004,Hydrogen-lifted airships were used as observation platforms and bombers during the war.,0
P002651,P002651_S000,The first non-stop transatlantic crossing was made by the British airship R34 in 1919.,1
P002651,P002651_S001,"Regular passenger service resumed in the 1920s and the discovery of helium reserves in the United States promised increased safety, but the U.S. government refused to sell the gas for this purpose.",1
P002651,P002651_S002,"Therefore, H2 was used in the Hindenburg airship, which was destroyed in a midair fire over New Jersey on 6 May 1937.",1
P002651,P002651_S003,The incident was broadcast live on radio and filmed.,0
P002651,P002651_S004,"Ignition of leaking hydrogen is widely assumed to be the cause, but later investigations pointed to the ignition of the aluminized fabric coating by static electricity.",0
P002651,P002651_S005,But the damage to hydrogen's reputation as a lifting gas was already done.,0
P002652,P002652_S000,"In the same year the first hydrogen-cooled turbogenerator went into service with gaseous hydrogen as a coolant in the rotor and the stator in 1937 at Dayton, Ohio, by the Dayton Power & Light Co.; because of the thermal conductivity of hydrogen gas, this is the most common type in its field today.",1
P002653,P002653_S000,The nickel hydrogen battery was used for the first time in 1977 aboard the U.S. Navy's Navigation technology satellite-2 (NTS-2).,1
P002653,P002653_S001,"For example, the ISS, Mars Odyssey and the Mars Global Surveyor are equipped with nickel-hydrogen batteries.",1
P002653,P002653_S002,"In the dark part of its orbit, the Hubble Space Telescope is also powered by nickel-hydrogen batteries, which were finally replaced in May 2009, more than 19 years after launch, and 13 years over their design life.",1
P002654,P002654_S000,"Because of its simple atomic structure, consisting only of a proton and an electron, the hydrogen atom, together with the spectrum of light produced from it or absorbed by it, has been central to the development of the theory of atomic structure.",1
P002654,P002654_S001,"Furthermore, the corresponding simplicity of the hydrogen molecule and the corresponding cation H+
2 allowed fuller understanding of the nature of the chemical bond, which followed shortly after the quantum mechanical treatment of the hydrogen atom had been developed in the mid-1920s.",1
P002655,P002655_S000,"One of the first quantum effects to be explicitly noticed (but not understood at the time) was a Maxwell observation involving hydrogen, half a century before full quantum mechanical theory arrived.",1
P002655,P002655_S001,Maxwell observed that the specific heat capacity of H2 unaccountably departs from that of a diatomic gas below room temperature and begins to increasingly resemble that of a monatomic gas at cryogenic temperatures.,0
P002655,P002655_S002,"According to quantum theory, this behavior arises from the spacing of the (quantized) rotational energy levels, which are particularly wide-spaced in H2 because of its low mass.",0
P002655,P002655_S003,These widely spaced levels inhibit equal partition of heat energy into rotational motion in hydrogen at low temperatures.,0
P002655,P002655_S004,Diatomic gases composed of heavier atoms do not have such widely spaced levels and do not exhibit the same effect.,0
P002656,P002656_S000,"Hydrogen, as atomic H, is the most abundant chemical element in the universe, making up 75% of normal matter by mass and over 90% by number of atoms (most of the mass of the universe, however, is not in the form of chemical-element type matter, but rather is postulated to occur as yet-undetected forms of mass such as dark matter and dark energy).",1
P002656,P002656_S001,This element is found in great abundance in stars and gas giant planets.,0
P002656,P002656_S002,Molecular clouds of H2 are associated with star formation.,0
P002656,P002656_S003,Hydrogen plays a vital role in powering stars through the proton-proton reaction and the CNO cycle nuclear fusion.,1
P002657,P002657_S000,"Throughout the universe, hydrogen is mostly found in the atomic and plasma states whose properties are quite different from molecular hydrogen.",0
P002657,P002657_S001,"As a plasma, hydrogen's electron and proton are not bound together, resulting in very high electrical conductivity and high emissivity (producing the light from the Sun and other stars).",1
P002657,P002657_S002,The charged particles are highly influenced by magnetic and electric fields.,0
P002657,P002657_S003,"For example, in the solar wind they interact with the Earth's magnetosphere giving rise to Birkeland currents and the aurora.",0
P002657,P002657_S004,Hydrogen is found in the neutral atomic state in the interstellar medium.,0
P002657,P002657_S005,The large amount of neutral hydrogen found in the damped Lyman-alpha systems is thought to dominate the cosmological baryonic density of the Universe up to redshift z=4.,0
P002658,P002658_S000,"Under ordinary conditions on Earth, elemental hydrogen exists as the diatomic gas, H2.",0
P002658,P002658_S001,"However, hydrogen gas is very rare in the Earth's atmosphere (1 ppm by volume) because of its light weight, which enables it to escape from Earth's gravity more easily than heavier gases.",1
P002658,P002658_S002,"However, hydrogen is the third most abundant element on the Earth's surface, mostly in the form of chemical compounds such as hydrocarbons and water.",0
P002658,P002658_S003,"Hydrogen gas is produced by some bacteria and algae and is a natural component of flatus, as is methane, itself a hydrogen source of increasing importance.",0
P002659,P002659_S000,"A molecular form called protonated molecular hydrogen (H+
3) is found in the interstellar medium, where it is generated by ionization of molecular hydrogen from cosmic rays.",1
P002659,P002659_S001,This charged ion has also been observed in the upper atmosphere of the planet Jupiter.,0
P002659,P002659_S002,The ion is relatively stable in the environment of outer space due to the low temperature and density.,0
P002659,P002659_S003,"H+
3 is one of the most abundant ions in the Universe, and it plays a notable role in the chemistry of the interstellar medium.",0
P002659,P002659_S004,Neutral triatomic hydrogen H3 can only exist in an excited form and is unstable.,0
P002659,P002659_S005,"By contrast, the positive hydrogen molecular ion (H+
2) is a rare molecule in the universe.",0
P002660,P002660_S000,"H
2 is produced in chemistry and biology laboratories, often as a by-product of other reactions; in industry for the hydrogenation of unsaturated substrates; and in nature as a means of expelling reducing equivalents in biochemical reactions.",1
P002661,P002661_S000,The electrolysis of water is a simple method of producing hydrogen.,1
P002661,P002661_S001,"A low voltage current is run through the water, and gaseous oxygen forms at the anode while gaseous hydrogen forms at the cathode.",0
P002661,P002661_S002,Typically the cathode is made from platinum or another inert metal when producing hydrogen for storage.,0
P002661,P002661_S003,"If, however, the gas is to be burnt on site, oxygen is desirable to assist the combustion, and so both electrodes would be made from inert metals.",0
P002661,P002661_S004,"(Iron, for instance, would oxidize, and thus decrease the amount of oxygen given off.)",0
P002661,P002661_S005,The theoretical maximum efficiency (electricity used vs. energetic value of hydrogen produced) is in the range 80–94%.,0
P002662,P002662_S000,An alloy of aluminium and gallium in pellet form added to water can be used to generate hydrogen.,1
P002662,P002662_S001,"The process also produces alumina, but the expensive gallium, which prevents the formation of an oxide skin on the pellets, can be re-used.",0
P002662,P002662_S002,"This has important potential implications for a hydrogen economy, as hydrogen can be produced on-site and does not need to be transported.",0
P002663,P002663_S000,"Hydrogen can be prepared in several different ways, but economically the most important processes involve removal of hydrogen from hydrocarbons.",1
P002663,P002663_S001,Commercial bulk hydrogen is usually produced by the steam reforming of natural gas.,0
P002663,P002663_S002,"At high temperatures (1000–1400 K, 700–1100 °C or 1300–2000 °F), steam (water vapor) reacts with methane to yield carbon monoxide and H
2.",0
P002664,P002664_S000,"This reaction is favored at low pressures but is nonetheless conducted at high pressures (2.0  MPa, 20 atm or 600 inHg).",1
P002664,P002664_S001,"This is because high-pressure H
2 is the most marketable product and Pressure Swing Adsorption (PSA) purification systems work better at higher pressures.",1
P002664,P002664_S002,"The product mixture is known as ""synthesis gas"" because it is often used directly for the production of methanol and related compounds.",0
P002664,P002664_S003,Hydrocarbons other than methane can be used to produce synthesis gas with varying product ratios.,0
P002664,P002664_S004,One of the many complications to this highly optimized technology is the formation of coke or carbon:,0
P002665,P002665_S000,"Consequently, steam reforming typically employs an excess of H
2O.",0
P002665,P002665_S001,"Additional hydrogen can be recovered from the steam by use of carbon monoxide through the water gas shift reaction, especially with an iron oxide catalyst.",1
P002665,P002665_S002,This reaction is also a common industrial source of carbon dioxide:,0
P002666,P002666_S000,"Hydrogen is sometimes produced and consumed in the same industrial process, without being separated.",0
P002666,P002666_S001,"In the Haber process for the production of ammonia, hydrogen is generated from natural gas.",1
P002666,P002666_S002,Electrolysis of brine to yield chlorine also produces hydrogen as a co-product.,1
P002667,P002667_S000,"There are more than 200 thermochemical cycles which can be used for water splitting, around a dozen of these cycles such as the iron oxide cycle, cerium(IV) oxide–cerium(III) oxide cycle, zinc zinc-oxide cycle, sulfur-iodine cycle, copper-chlorine cycle and hybrid sulfur cycle are under research and in testing phase to produce hydrogen and oxygen from water and heat without using electricity.",1
P002667,P002667_S001,"A number of laboratories (including in France, Germany, Greece, Japan, and the USA) are developing thermochemical methods to produce hydrogen from solar energy and water.",1
P002668,P002668_S000,"Under anaerobic conditions, iron and steel alloys are slowly oxidized by the protons of water concomitantly reduced in molecular hydrogen (H
2).",1
P002668,P002668_S001,The anaerobic corrosion of iron leads first to the formation of ferrous hydroxide (green rust) and can be described by the following reaction:,1
P002669,P002669_S000,"In its turn, under anaerobic conditions, the ferrous hydroxide (Fe(OH)
2 ) can be oxidized by the protons of water to form magnetite and molecular hydrogen.",1
P002669,P002669_S001,This process is described by the Schikorr reaction:,1
P002670,P002670_S000,"In the absence of atmospheric oxygen (O
2), in deep geological conditions prevailing far away from Earth atmosphere, hydrogen (H
2) is produced during the process of serpentinization by the anaerobic oxidation by the water protons (H+) of the ferrous (Fe2+) silicate present in the crystal lattice of the fayalite (Fe
2SiO
4, the olivine iron-endmember).",1
P002670,P002670_S001,"The corresponding reaction leading to the formation of magnetite (Fe
3O
4), quartz (SiO
2) and hydrogen (H
2) is the following:",1
P002671,P002671_S000,"From all the fault gases formed in power transformers, hydrogen is the most common and is generated under most fault conditions; thus, formation of hydrogen is an early indication of serious problems in the transformer's life cycle.",1
P002672,P002672_S000,"Large quantities of H
2 are needed in the petroleum and chemical industries.",0
P002672,P002672_S001,"The largest application of H
2 is for the processing (""upgrading"") of fossil fuels, and in the production of ammonia.",0
P002672,P002672_S002,"The key consumers of H
2 in the petrochemical plant include hydrodealkylation, hydrodesulfurization, and hydrocracking.",0
P002672,P002672_S003,"H
2 has several other important uses.",0
P002672,P002672_S004,"H
2 is used as a hydrogenating agent, particularly in increasing the level of saturation of unsaturated fats and oils (found in items such as margarine), and in the production of methanol.",0
P002672,P002672_S005,It is similarly the source of hydrogen in the manufacture of hydrochloric acid.,0
P002672,P002672_S006,"H
2 is also used as a reducing agent of metallic ores.",0
P002673,P002673_S000,Hydrogen is highly soluble in many rare earth and transition metals and is soluble in both nanocrystalline and amorphous metals.,0
P002673,P002673_S001,Hydrogen solubility in metals is influenced by local distortions or impurities in the crystal lattice.,0
P002673,P002673_S002,"These properties may be useful when hydrogen is purified by passage through hot palladium disks, but the gas's high solubility is a metallurgical problem, contributing to the embrittlement of many metals, complicating the design of pipelines and storage tanks.",1
P002674,P002674_S000,"Apart from its use as a reactant, H
2 has wide applications in physics and engineering.",0
P002674,P002674_S001,It is used as a shielding gas in welding methods such as atomic hydrogen welding.,0
P002674,P002674_S002,"H2 is used as the rotor coolant in electrical generators at power stations, because it has the highest thermal conductivity of any gas.",0
P002674,P002674_S003,"Liquid H2 is used in cryogenic research, including superconductivity studies.",0
P002674,P002674_S004,"Because H
2 is lighter than air, having a little more than 1⁄14 of the density of air, it was once widely used as a lifting gas in balloons and airships.",0
P002675,P002675_S000,"In more recent applications, hydrogen is used pure or mixed with nitrogen (sometimes called forming gas) as a tracer gas for minute leak detection.",1
P002675,P002675_S001,"Applications can be found in the automotive, chemical, power generation, aerospace, and telecommunications industries.",0
P002675,P002675_S002,Hydrogen is an authorized food additive (E 949) that allows food package leak testing among other anti-oxidizing properties.,1
P002676,P002676_S000,Hydrogen's rarer isotopes also each have specific applications.,0
P002676,P002676_S001,"Deuterium (hydrogen-2) is used in nuclear fission applications as a moderator to slow neutrons, and in nuclear fusion reactions.",1
P002676,P002676_S002,Deuterium compounds have applications in chemistry and biology in studies of reaction isotope effects.,0
P002676,P002676_S003,"Tritium (hydrogen-3), produced in nuclear reactors, is used in the production of hydrogen bombs, as an isotopic label in the biosciences, and as a radiation source in luminous paints.",1
P002677,P002677_S000,Hydrogen is commonly used in power stations as a coolant in generators due to a number of favorable properties that are a direct result of its light diatomic molecules.,1
P002677,P002677_S001,"These include low density, low viscosity, and the highest specific heat and thermal conductivity of all gases.",1
P002678,P002678_S000,"Hydrogen is not an energy resource, except in the hypothetical context of commercial nuclear fusion power plants using deuterium or tritium, a technology presently far from development.",1
P002678,P002678_S001,"The Sun's energy comes from nuclear fusion of hydrogen, but this process is difficult to achieve controllably on Earth.",1
P002678,P002678_S002,"Elemental hydrogen from solar, biological, or electrical sources require more energy to make it than is obtained by burning it, so in these cases hydrogen functions as an energy carrier, like a battery.",0
P002678,P002678_S003,"Hydrogen may be obtained from fossil sources (such as methane), but these sources are unsustainable.",0
P002679,P002679_S000,"The energy density per unit volume of both liquid hydrogen and compressed hydrogen gas at any practicable pressure is significantly less than that of traditional fuel sources, although the energy density per unit fuel mass is higher.",1
P002679,P002679_S001,"Nevertheless, elemental hydrogen has been widely discussed in the context of energy, as a possible future carrier of energy on an economy-wide scale.",0
P002679,P002679_S002,"For example, CO
2 sequestration followed by carbon capture and storage could be conducted at the point of H
2 production from fossil fuels.",0
P002679,P002679_S003,"Hydrogen used in transportation would burn relatively cleanly, with some NOx emissions, but without carbon emissions.",0
P002679,P002679_S004,"However, the infrastructure costs associated with full conversion to a hydrogen economy would be substantial.",0
P002679,P002679_S005,Fuel cells can convert hydrogen and oxygen directly to electricity more efficiently than internal combustion engines.,0
P002680,P002680_S000,"Hydrogen is employed to saturate broken (""dangling"") bonds of amorphous silicon and amorphous carbon that helps stabilizing material properties.",1
P002680,P002680_S001,"It is also a potential electron donor in various oxide materials, including ZnO, SnO2, CdO, MgO, ZrO2, HfO2, La2O3, Y2O3, TiO2, SrTiO3, LaAlO3, SiO2, Al2O3, ZrSiO4, HfSiO4, and SrZrO3.",1
P002681,P002681_S000,"H2 is a product of some types of anaerobic metabolism and is produced by several microorganisms, usually via reactions catalyzed by iron- or nickel-containing enzymes called hydrogenases.",1
P002681,P002681_S001,These enzymes catalyze the reversible redox reaction between H2 and its component two protons and two electrons.,0
P002681,P002681_S002,Creation of hydrogen gas occurs in the transfer of reducing equivalents produced during pyruvate fermentation to water.,0
P002681,P002681_S003,The natural cycle of hydrogen production and consumption by organisms is called the hydrogen cycle.,0
P002682,P002682_S000,"Water splitting, in which water is decomposed into its component protons, electrons, and oxygen, occurs in the light reactions in all photosynthetic organisms.",1
P002682,P002682_S001,"Some such organisms, including the alga Chlamydomonas reinhardtii and cyanobacteria, have evolved a second step in the dark reactions in which protons and electrons are reduced to form H2 gas by specialized hydrogenases in the chloroplast.",1
P002682,P002682_S002,Efforts have been undertaken to genetically modify cyanobacterial hydrogenases to efficiently synthesize H2 gas even in the presence of oxygen.,0
P002682,P002682_S003,Efforts have also been undertaken with genetically modified alga in a bioreactor.,0
P002683,P002683_S000,"Hydrogen poses a number of hazards to human safety, from potential detonations and fires when mixed with air to being an asphyxiant in its pure, oxygen-free form.",1
P002683,P002683_S001,"In addition, liquid hydrogen is a cryogen and presents dangers (such as frostbite) associated with very cold liquids.",1
P002683,P002683_S002,"Hydrogen dissolves in many metals, and, in addition to leaking out, may have adverse effects on them, such as hydrogen embrittlement, leading to cracks and explosions.",0
P002683,P002683_S003,Hydrogen gas leaking into external air may spontaneously ignite.,0
P002683,P002683_S004,"Moreover, hydrogen fire, while being extremely hot, is almost invisible, and thus can lead to accidental burns.",0
P002684,P002684_S000,Even interpreting the hydrogen data (including safety data) is confounded by a number of phenomena.,1
P002684,P002684_S001,"Many physical and chemical properties of hydrogen depend on the parahydrogen/orthohydrogen ratio (it often takes days or weeks at a given temperature to reach the equilibrium ratio, for which the data is usually given).",1
P002684,P002684_S002,"Hydrogen detonation parameters, such as critical detonation pressure and temperature, strongly depend on the container geometry.",0
P002685,P002685_S000,"The Space Race was a 20th-century competition between two Cold War rivals, the Soviet Union (USSR) and the United States (US), for supremacy in spaceflight capability.",1
P002685,P002685_S001,"It had its origins in the missile-based nuclear arms race between the two nations that occurred following World War II, enabled by captured German rocket technology and personnel.",0
P002685,P002685_S002,"The technological superiority required for such supremacy was seen as necessary for national security, and symbolic of ideological superiority.",0
P002685,P002685_S003,"The Space Race spawned pioneering efforts to launch artificial satellites, unmanned space probes of the Moon, Venus, and Mars, and human spaceflight in low Earth orbit and to the Moon.",0
P002685,P002685_S004,"The competition began on August 2, 1955, when the Soviet Union responded to the US announcement four days earlier of intent to launch artificial satellites for the International Geophysical Year, by declaring they would also launch a satellite ""in the near future"".",1
P002685,P002685_S005,"The Soviet Union beat the US to this, with the October 4, 1957 orbiting of Sputnik 1, and later beat the US to the first human in space, Yuri Gagarin, on April 12, 1961.",1
P002685,P002685_S006,"The Space Race peaked with the July 20, 1969 US landing of the first humans on the Moon with Apollo 11.",0
P002685,P002685_S007,"The USSR tried but failed manned lunar missions, and eventually cancelled them and concentrated on Earth orbital space stations.",0
P002685,P002685_S008,"A period of détente followed with the April 1972 agreement on a co-operative Apollo–Soyuz Test Project, resulting in the July 1975 rendezvous in Earth orbit of a US astronaut crew with a Soviet cosmonaut crew.",0
P002686,P002686_S000,"The Space Race can trace its origins to Germany, beginning in the 1930s and continuing during World War II when Nazi Germany researched and built operational ballistic missiles.",1
P002686,P002686_S001,"Starting in the early 1930s, during the last stages of the Weimar Republic, German aerospace engineers experimented with liquid-fueled rockets, with the goal that one day they would be capable of reaching high altitudes and traversing long distances.",1
P002686,P002686_S002,"The head of the German Army's Ballistics and Munitions Branch, Lieutenant Colonel Karl Emil Becker, gathered a small team of engineers that included Walter Dornberger and Leo Zanssen, to figure out how to use rockets as long-range artillery in order to get around the Treaty of Versailles' ban on research and development of long-range cannons.",1
P002686,P002686_S003,"Wernher von Braun, a young engineering prodigy, was recruited by Becker and Dornberger to join their secret army program at Kummersdorf-West in 1932.",0
P002686,P002686_S004,"Von Braun had dreams about conquering outer space with rockets, and did not initially see the military value in missile technology.",0
P002687,P002687_S000,"During the Second World War, General Dornberger was the military head of the army's rocket program, Zanssen became the commandant of the Peenemünde army rocket centre, and von Braun was the technical director of the ballistic missile program.",1
P002687,P002687_S001,"They would lead the team that built the Aggregate-4 (A-4) rocket, which became the first vehicle to reach outer space during its test flight program in 1942 and 1943.",1
P002687,P002687_S002,"By 1943, Germany began mass-producing the A-4 as the Vergeltungswaffe 2 (""Vengeance Weapon"" 2, or more commonly, V2), a ballistic missile with a 320 kilometers (200 mi) range carrying a 1,130 kilograms (2,490 lb) warhead at 4,000 kilometers per hour (2,500 mph).",1
P002687,P002687_S003,"Its supersonic speed meant there was no defense against it, and radar detection provided little warning.",0
P002687,P002687_S004,Germany used the weapon to bombard southern England and parts of Allied-liberated western Europe from 1944 until 1945.,0
P002687,P002687_S005,"After the war, the V-2 became the basis of early American and Soviet rocket designs.",0
P002688,P002688_S000,"At war's end, American, British, and Soviet scientific intelligence teams competed to capture Germany's rocket engineers along with the German rockets themselves and the designs on which they were based.",1
P002688,P002688_S001,"Each of the Allies captured a share of the available members of the German rocket team, but the United States benefited the most with Operation Paperclip, recruiting von Braun and most of his engineering team, who later helped develop the American missile and space exploration programs.",1
P002688,P002688_S002,The United States also acquired a large number of complete V2 rockets.,0
P002689,P002689_S000,"The German rocket center in Peenemünde was located in the eastern part of Germany, which became the Soviet zone of occupation.",1
P002689,P002689_S001,"On Stalin's orders, the Soviet Union sent its best rocket engineers to this region to see what they could salvage for future weapons systems.",1
P002689,P002689_S002,The Soviet rocket engineers were led by Sergei Korolev.,0
P002689,P002689_S003,"He had been involved in space clubs and early Soviet rocket design in the 1930s, but was arrested in 1938 during Joseph Stalin's Great Purge and imprisoned for six years in Siberia.",1
P002689,P002689_S004,"After the war, he became the USSR's chief rocket and spacecraft engineer, essentially the Soviet counterpart to von Braun.",0
P002689,P002689_S005,"His identity was kept a state secret throughout the Cold War, and he was identified publicly only as ""the Chief Designer.""",0
P002689,P002689_S006,"In the West, his name was only officially revealed when he died in 1966.",0
P002690,P002690_S000,"After almost a year in the area around Peenemünde, Soviet officials moved most of the captured German rocket specialists to Gorodomlya Island on Lake Seliger, about 240 kilometers (150 mi) northwest of Moscow.",1
P002690,P002690_S001,"They were not allowed to participate in Soviet missile design, but were used as problem-solving consultants to the Soviet engineers.",0
P002690,P002690_S002,"They helped in the following areas: the creation of a Soviet version of the A-4; work on ""organizational schemes""; research in improving the A-4 main engine; development of a 100-ton engine; assistance in the ""layout"" of plant production rooms; and preparation of rocket assembly using German components.",1
P002690,P002690_S003,"With their help, particularly Helmut Groettrup's group, Korolev reverse-engineered the A-4 and built his own version of the rocket, the R-1, in 1948.",0
P002690,P002690_S004,"Later, he developed his own distinct designs, though many of these designs were influenced by the Groettrup Group's G4-R10 design from 1949.",0
P002690,P002690_S005,The Germans were eventually repatriated in 1951–53.,0
P002691,P002691_S000,"The American professor Robert H. Goddard had worked on developing solid-fuel rockets since 1914, and demonstrated a light battlefield rocket to the US Army Signal Corps only five days before the signing of the armistice that ended World War I.",1
P002691,P002691_S001,"He also started developing liquid-fueled rockets in 1921; yet he had not been taken seriously by the public, and was not sponsored by the government as part of the post-WW II rocket development effort.",1
P002691,P002691_S002,"Von Braun, himself inspired by Goddard's work, was bemused by this when debriefed by his American handlers, asking them, ""Why didn't you just ask Dr.",1
P002691,P002691_S003,Goddard?,0
P002691,P002691_S004,"""[citation needed]",0
P002692,P002692_S000,"Von Braun and his team were sent to the United States Army's White Sands Proving Ground, located in New Mexico, in 1945.",1
P002692,P002692_S001,They set about assembling the captured V2s and began a program of launching them and instructing American engineers in their operation.,0
P002692,P002692_S002,"These tests led to the first rocket to take photos from outer space, and the first two-stage rocket, the WAC Corporal-V2 combination, in 1949.",1
P002692,P002692_S003,"The German rocket team was moved from Fort Bliss to the Army's new Redstone Arsenal, located in Huntsville, Alabama, in 1950.",1
P002692,P002692_S004,"From here, von Braun and his team would develop the Army's first operational medium-range ballistic missile, the Redstone rocket, that would, in slightly modified versions, launch both America's first satellite, and the first piloted Mercury space missions.",0
P002692,P002692_S005,It became the basis for both the Jupiter and Saturn family of rockets.,0
P002693,P002693_S000,"In simple terms, the Cold War could be viewed as an expression of the ideological struggle between communism and capitalism.",1
P002693,P002693_S001,"The United States faced a new uncertainty beginning in September 1949, when it lost its monopoly on the atomic bomb.",0
P002693,P002693_S002,"American intelligence agencies discovered that the Soviet Union had exploded its first atomic bomb, with the consequence that the United States potentially could face a future nuclear war that, for the first time, might devastate its cities.",0
P002693,P002693_S003,"Given this new danger, the United States participated in an arms race with the Soviet Union that included development of the hydrogen bomb, as well as intercontinental strategic bombers and intercontinental ballistic missiles (ICBMs) capable of delivering nuclear weapons.",0
P002693,P002693_S004,"A new fear of communism and its sympathizers swept the United States during the 1950s, which devolved into paranoid McCarthyism.",0
P002693,P002693_S005,"With communism spreading in China, Korea, and Eastern Europe, Americans came to feel so threatened that popular and political culture condoned extensive ""witch-hunts"" to expose communist spies.",0
P002693,P002693_S006,"Part of the American reaction to the Soviet atomic and hydrogen bomb tests included maintaining a large Air Force, under the control of the Strategic Air Command (SAC).",0
P002693,P002693_S007,"SAC employed intercontinental strategic bombers, as well as medium-bombers based close to Soviet airspace (in western Europe and in Turkey) that were capable of delivering nuclear payloads.",0
P002694,P002694_S000,"For its part, the Soviet Union harbored fears of invasion.",0
P002694,P002694_S001,"Having suffered at least 27 million casualties during World War II after being invaded by Nazi Germany in 1941, the Soviet Union was wary of its former ally, the United States, which until late 1949 was the sole possessor of atomic weapons.",1
P002694,P002694_S002,"The United States had used these weapons operationally during World War II, and it could use them again against the Soviet Union, laying waste its cities and military centers.",1
P002694,P002694_S003,"Since the Americans had a much larger air force than the Soviet Union, and the United States maintained advance air bases near Soviet territory, in 1947 Stalin ordered the development of intercontinental ballistic missiles (ICBMs) in order to counter the perceived American threat.",1
P002695,P002695_S000,"In 1953, Korolev was given the go-ahead to develop the R-7 Semyorka rocket, which represented a major advance from the German design.",1
P002695,P002695_S001,"Although some of its components (notably boosters) still resembled the German G-4, the new rocket incorporated staged design, a completely new control system, and a new fuel.",1
P002695,P002695_S002,"It was successfully tested on August 21, 1957 and became the world's first fully operational ICBM the following month.",0
P002695,P002695_S003,"It would later be used to launch the first satellite into space, and derivatives would launch all piloted Soviet spacecraft.",0
P002696,P002696_S000,"The United States had multiple rocket programs divided among the different branches of the American armed services, which meant that each force developed its own ICBM program.",1
P002696,P002696_S001,The Air Force initiated ICBM research in 1945 with the MX-774.,0
P002696,P002696_S002,"However, its funding was cancelled and only three partially successful launches were conducted in 1947.",0
P002696,P002696_S003,"In 1950, von Braun began testing the Air Force PGM-11 Redstone rocket family at Cape Canaveral.",1
P002696,P002696_S004,"In 1951, the Air Force began a new ICBM program called MX-1593, and by 1955 this program was receiving top-priority funding.",0
P002696,P002696_S005,"The MX-1593 program evolved to become the Atlas-A, with its maiden launch occurring June 11, 1957, becoming the first successful American ICBM.",0
P002696,P002696_S006,"Its upgraded version, the Atlas-D rocket, would later serve as an operational nuclear ICBM and as the orbital launch vehicle for Project Mercury and the remote-controlled Agena Target Vehicle used in Project Gemini.",0
P002697,P002697_S000,"In 1955, with both the United States and the Soviet Union building ballistic missiles that could be utilized to launch objects into space, the ""starting line"" was drawn for the Space Race.",1
P002697,P002697_S001,"In separate announcements, just four days apart, both nations publicly announced that they would launch artificial Earth satellites by 1957 or 1958.",0
P002697,P002697_S002,"On July 29, 1955, James C. Hagerty, president Dwight D. Eisenhower's press secretary, announced that the United States intended to launch ""small Earth circling satellites"" between July 1, 1957, and December 31, 1958, as part of their contribution to the International Geophysical Year (IGY).",1
P002697,P002697_S003,"Four days later, at the Sixth Congress of International Astronautical Federation in Copenhagen, scientist Leonid I. Sedov spoke to international reporters at the Soviet embassy, and announced his country's intention to launch a satellite as well, in the ""near future"".",1
P002697,P002697_S004,"On August 30, 1955, Korolev managed to get the Soviet Academy of Sciences to create a commission whose purpose was to beat the Americans into Earth orbit: this was the de facto start date for the Space Race.",0
P002697,P002697_S005,The Council of Ministers of the Soviet Union began a policy of treating development of its space program as a classified state secret.,0
P002698,P002698_S000,"Initially, President Eisenhower was worried that a satellite passing above a nation at over 100 kilometers (62 mi), might be construed as violating that nation's sovereign airspace.",0
P002698,P002698_S001,"He was concerned that the Soviet Union would accuse the Americans of an illegal overflight, thereby scoring a propaganda victory at his expense.",1
P002698,P002698_S002,"Eisenhower and his advisors believed that a nation's airspace sovereignty did not extend into outer space, acknowledged as the Kármán line, and he used the 1957–58 International Geophysical Year launches to establish this principle in international law.",0
P002698,P002698_S003,"Eisenhower also feared that he might cause an international incident and be called a ""warmonger"" if he were to use military missiles as launchers.",0
P002698,P002698_S004,"Therefore, he selected the untried Naval Research Laboratory's Vanguard rocket, which was a research-only booster.",0
P002698,P002698_S005,"This meant that von Braun's team was not allowed to put a satellite into orbit with their Jupiter-C rocket, because of its intended use as a future military vehicle.",0
P002698,P002698_S006,"On September 20, 1956, von Braun and his team did launch a Jupiter-C that was capable of putting a satellite into orbit, but the launch was used only as a suborbital test of nose cone reentry technology.",0
P002699,P002699_S000,"The Soviet success caused public controversy in the United States, and Eisenhower ordered the civilian rocket and satellite project, Vanguard, to move up its timetable and launch its satellite much sooner than originally planned.",0
P002699,P002699_S001,"The December 6, 1957 Project Vanguard launch failure occurred at Cape Canaveral Air Force Station in Florida, broadcast live in front of a US television audience.",1
P002699,P002699_S002,"It was a monumental failure, exploding a few seconds after launch, and it became an international joke.",0
P002699,P002699_S003,"The satellite appeared in newspapers under the names Flopnik, Stayputnik, Kaputnik, and Dudnik.",0
P002699,P002699_S004,"In the United Nations, the Russian delegate offered the U.S. representative aid ""under the Soviet program of technical assistance to backwards nations.""",0
P002699,P002699_S005,Only in the wake of this very public failure did von Braun's Redstone team get the go-ahead to launch their Jupiter-C rocket as soon as they could.,0
P002699,P002699_S006,"In Britain, the USA's Western Cold War ally, the reaction was mixed: some members of the population celebrated the fact that the Soviets had reached space first, while others feared the destructive potential that military uses of spacecraft might bring.",0
P002700,P002700_S000,"On January 31, 1958, nearly four months after the launch of Sputnik 1, von Braun and the United States successfully launched its first satellite on a four-stage Juno I rocket derived from the US Army's Redstone missile, at Cape Canaveral.",1
P002700,P002700_S001,The satellite Explorer 1 was 30.8 pounds (14.0 kg) in mass.,1
P002700,P002700_S002,It carried a micrometeorite gauge and a Geiger-Müller tube.,0
P002700,P002700_S003,"It passed in and out of the Earth-encompassing radiation belt with its 194-by-1,368-nautical-mile (360 by 2,534 km) orbit, therefore saturating the tube's capacity and proving what Dr. James Van Allen, a space scientist at the University of Iowa, had theorized.",1
P002700,P002700_S004,"The belt, named the Van Allen radiation belt, is a doughnut-shaped zone of high-level radiation intensity around the Earth above the magnetic equator.",0
P002700,P002700_S005,Van Allen was also the man who designed and built the satellite instrumentation of Explorer 1.,0
P002700,P002700_S006,"The satellite actually measured three phenomena: cosmic ray and radiation levels, the temperature in the spacecraft, and the frequency of collisions with micrometeorites.",0
P002700,P002700_S007,"The satellite had no memory for data storage, therefore it had to transmit continuously.",0
P002700,P002700_S008,"Two months later in March 1958, a second satellite was sent into orbit with augmented cosmic ray instruments.",0
P002701,P002701_S000,"On April 2, 1958, President Eisenhower reacted to the Soviet space lead in launching the first satellite, by recommending to the US Congress that a civilian agency be established to direct nonmilitary space activities.",1
P002701,P002701_S001,"Congress, led by Senate Majority Leader Lyndon B. Johnson, responded by passing the National Aeronautics and Space Act, which Eisenhower signed into law on July 29, 1958.",1
P002701,P002701_S002,This law turned the National Advisory Committee on Aeronautics into the National Aeronautics and Space Administration (NASA).,1
P002701,P002701_S003,"It also created a Civilian-Military Liaison Committee, chaired by the President, responsible for coordinating the nation's civilian and military space programs.",0
P002702,P002702_S000,"On October 21, 1959, Eisenhower approved the transfer of the Army's remaining space-related activities to NASA.",1
P002702,P002702_S001,"On July 1, 1960, the Redstone Arsenal became NASA's George C. Marshall Space Flight Center, with von Braun as its first director.",1
P002702,P002702_S002,"Development of the Saturn rocket family, which when mature, would finally give the US parity with the Soviets in terms of lifting capability, was thus transferred to NASA.",1
P002703,P002703_S000,"In 1958, Korolev upgraded the R-7 to be able to launch a 400-kilogram (880 lb) payload to the Moon.",1
P002703,P002703_S001,Three secret 1958 attempts to launch Luna E-1-class impactor probes failed.,0
P002703,P002703_S002,"The fourth attempt, Luna 1, launched successfully on January 2, 1959, but missed the Moon.",0
P002703,P002703_S003,The fifth attempt on June 18 also failed at launch.,0
P002703,P002703_S004,"The 390-kilogram (860 lb) Luna 2 successfully impacted the Moon on September 14, 1959.",0
P002703,P002703_S005,"The 278.5-kilogram (614 lb) Luna 3 successfully flew by the Moon and sent back pictures of its far side on October 6, 1959.",0
P002704,P002704_S000,"The US reacted to the Luna program by embarking on the Ranger program in 1959, managed by NASA's Jet Propulsion Laboratory.",1
P002704,P002704_S001,The Block I Ranger 1 and Ranger 2 suffered Atlas-Agena launch failures in August and November 1961.,0
P002704,P002704_S002,"The 727-pound (330 kg) Block II Ranger 3 launched successfully on January 26, 1962, but missed the Moon.",1
P002704,P002704_S003,"The 730-pound (330 kg) Ranger 4 became the first US spacecraft to reach the Moon, but its solar panels and navigational system failed near the Moon and it impacted the far side without returning any scientific data.",0
P002704,P002704_S004,"Ranger 5 ran out of power and missed the Moon by 725 kilometers (391 nmi) on October 21, 1962.",1
P002704,P002704_S005,"The first successful Ranger mission was the 806-pound (366 kg) Block III Ranger 7 which impacted on July 31, 1964.",0
P002705,P002705_S000,"By 1959, American observers believed that the Soviet Union would be the first to get a human into space, because of the time needed to prepare for Mercury's first launch.",1
P002705,P002705_S001,"On April 12, 1961, the USSR surprised the world again by launching Yuri Gagarin into a single orbit around the Earth in a craft they called Vostok 1.",1
P002705,P002705_S002,"They dubbed Gagarin the first cosmonaut, roughly translated from Russian and Greek as ""sailor of the universe"".",0
P002705,P002705_S003,"Although he had the ability to take over manual control of his spacecraft in an emergency by opening an envelope he had in the cabin that contained a code that could be typed into the computer, it was flown in an automatic mode as a precaution; medical science at that time did not know what would happen to a human in the weightlessness of space.",0
P002705,P002705_S004,"Vostok 1 orbited the Earth for 108 minutes and made its reentry over the Soviet Union, with Gagarin ejecting from the spacecraft at 7,000 meters (23,000 ft), and landing by parachute.",1
P002705,P002705_S005,"The Fédération Aéronautique Internationale (International Federation of Aeronautics) credited Gagarin with the world's first human space flight, although their qualifying rules for aeronautical records at the time required pilots to take off and land with their craft.",0
P002705,P002705_S006,"For this reason, the Soviet Union omitted from their FAI submission the fact that Gagarin did not land with his capsule.",0
P002705,P002705_S007,"When the FAI filing for Gherman Titov's second Vostok flight in August 1961 disclosed the ejection landing technique, the FAI committee decided to investigate, and concluded that the technological accomplishment of human spaceflight lay in the safe launch, orbiting, and return, rather than the manner of landing, and so revised their rules accordingly, keeping Gagarin's and Titov's records intact.",0
P002706,P002706_S000,"Gagarin became a national hero of the Soviet Union and the Eastern Bloc, and a worldwide celebrity.",0
P002706,P002706_S001,"Moscow and other cities in the USSR held mass demonstrations, the scale of which was second only to the World War II Victory Parade of 1945.",1
P002706,P002706_S002,"April 12 was declared Cosmonautics Day in the USSR, and is celebrated today in Russia as one of the official ""Commemorative Dates of Russia.""",1
P002706,P002706_S003,"In 2011, it was declared the International Day of Human Space Flight by the United Nations.",1
P002707,P002707_S000,"The US Air Force had been developing a program to launch the first man in space, named Man in Space Soonest.",1
P002707,P002707_S001,"This program studied several different types of one-man space vehicles, settling on a ballistic re-entry capsule launched on a derivative Atlas missile, and selecting a group of nine candidate pilots.",1
P002707,P002707_S002,"After NASA's creation, the program was transferred over to the civilian agency and renamed Project Mercury on November 26, 1958.",0
P002707,P002707_S003,"NASA selected a new group of astronaut (from the Greek for ""star sailor"") candidates from Navy, Air Force and Marine test pilots, and narrowed this down to a group of seven for the program.",1
P002707,P002707_S004,"Capsule design and astronaut training began immediately, working toward preliminary suborbital flights on the Redstone missile, followed by orbital flights on the Atlas.",0
P002707,P002707_S005,"Each flight series would first start unmanned, then carry a primate, then finally men.",0
P002708,P002708_S000,"Three weeks later, on May 5, 1961, Alan Shepard became the first American in space, launched in a ballistic trajectory on Mercury-Redstone 3, in a spacecraft he named Freedom 7.",1
P002708,P002708_S001,"Though he did not achieve orbit like Gagarin, he was the first person to exercise manual control over his spacecraft's attitude and retro-rocket firing.",0
P002708,P002708_S002,"After his successful return, Shepard was celebrated as a national hero, honored with parades in Washington, New York and Los Angeles, and received the NASA Distinguished Service Medal from President John F. Kennedy.",1
P002709,P002709_S000,Gagarin's flight changed this; now Kennedy sensed the humiliation and fear on the part of the American public over the Soviet lead.,1
P002709,P002709_S001,"He sent a memo dated April 20, 1961, to Vice President Lyndon B. Johnson, asking him to look into the state of America's space program, and into programs that could offer NASA the opportunity to catch up.",1
P002709,P002709_S002,"The two major options at the time seemed to be, either establishment of an Earth orbital space station, or a manned landing on the Moon.",0
P002709,P002709_S003,"Johnson in turn consulted with von Braun, who answered Kennedy's questions based on his estimates of US and Soviet rocket lifting capability.",0
P002709,P002709_S004,"Based on this, Johnson responded to Kennedy, concluding that much more was needed to reach a position of leadership, and recommending that the manned Moon landing was far enough in the future that the US had a fighting chance to achieve it first.",0
P002710,P002710_S000,"Kennedy ultimately decided to pursue what became the Apollo program, and on May 25 took the opportunity to ask for Congressional support in a Cold War speech titled ""Special Message on Urgent National Needs"".",1
P002710,P002710_S001,Full text,0
P002711,P002711_S000,"He justified the program in terms of its importance to national security, and its focus of the nation's energies on other scientific and social fields.",1
P002711,P002711_S001,"He rallied popular support for the program in his ""We choose to go to the Moon"" speech, on September 12, 1962, before a large crowd at Rice University Stadium, in Houston, Texas, near the construction site of the new Manned Spacecraft Center facility.",1
P002711,P002711_S002,Full text,0
P002712,P002712_S000,"American Virgil ""Gus"" Grissom repeated Shepard's suborbital flight in Liberty Bell 7 on July 21, 1961.",1
P002712,P002712_S001,"Almost a year after the Soviet Union put a human into orbit, astronaut John Glenn became the first American to orbit the Earth, on February 20, 1962.",0
P002712,P002712_S002,"His Mercury-Atlas 6 mission completed three orbits in the Friendship 7 spacecraft, and splashed down safely in the Atlantic Ocean, after a tense reentry, due to what falsely appeared from the telemetry data to be a loose heat-shield.",0
P002712,P002712_S003,"As the first American in orbit, Glenn became a national hero, and received a ticker-tape parade in New York City, reminiscent of that given for Charles Lindbergh.",1
P002712,P002712_S004,"On February 23, 1962, President Kennedy escorted him in a parade at Cape Canaveral Air Force Station, where he awarded Glenn with the NASA service medal.",1
P002713,P002713_S000,"The United States launched three more Mercury flights after Glenn's: Aurora 7 on May 24, 1962 duplicated Glenn's three orbits; Sigma 7 on October 3, 1962, six orbits; and Faith 7 on May 15, 1963, 22 orbits (32.4 hours), the maximum capability of the spacecraft.",1
P002713,P002713_S001,"NASA at first intended to launch one more mission, extending the spacecraft's endurance to three days, but since this would not beat the Soviet record, it was decided instead to concentrate on developing Project Gemini.",1
P002714,P002714_S000,"Gherman Titov became the first Soviet cosmonaut to exercise manual control of his Vostok 2 craft on August 6, 1961.",1
P002714,P002714_S001,"The Soviet Union demonstrated 24-hour launch pad turnaround and the capability to launch two piloted spacecraft, Vostok 3 and Vostok 4, in essentially identical orbits, on August 11 and 12, 1962.",1
P002714,P002714_S002,"The two spacecraft came within approximately 6.5 kilometers (4.0 mi) of one another, close enough for radio communication.",0
P002714,P002714_S003,Vostok 4 also set a record of nearly four days in space.,0
P002714,P002714_S004,"Though the two craft's orbits were as nearly identical as possible given the accuracy of the launch rocket's guidance system, slight variations still existed which drew the two craft at first as close to each other as 6.5 kilometers (3.5 nautical miles), then as far apart as 2,850 kilometers (1,540 nautical miles).",1
P002714,P002714_S005,"There were no maneuvering rockets on the Vostok to permit space rendezvous, required to keep two spacecraft a controlled distance apart.",0
P002715,P002715_S000,"The Soviet Union duplicated its dual-launch feat with Vostok 5 and Vostok 6 (June 16, 1963).",1
P002715,P002715_S001,"This time they launched the first woman (also the first civilian), Valentina Tereshkova, into space on Vostok 6.",1
P002715,P002715_S002,"Launching a woman was reportedly Korolev's idea, and it was accomplished purely for propaganda value.",0
P002715,P002715_S003,"Tereshkova was one of a small corps of female cosmonauts who were amateur parachutists, but Tereshkova was the only one to fly.",0
P002715,P002715_S004,"The USSR didn't again open its cosmonaut corps to women until 1980, two years after the United States opened its astronaut corps to women.",0
P002716,P002716_S000,"The Soviets kept the details and true appearance of the Vostok capsule secret until the April 1965 Moscow Economic Exhibition, where it was first displayed without its aerodynamic nose cone concealing the spherical capsule.",1
P002716,P002716_S001,"The ""Vostok spaceship"" had been first displayed at the July 1961 Tushino air show, mounted on its launch vehicle's third stage, with the nose cone in place.",1
P002716,P002716_S002,"A tail section with eight fins was also added, in an apparent attempt to confuse western observers.",0
P002716,P002716_S003,This spurious tail section also appeared on official commemorative stamps and a documentary.,0
P002717,P002717_S000,"On September 20, 1963, in a speech before the United Nations General Assembly, President Kennedy proposed that the United States and the Soviet Union join forces in their efforts to reach the Moon.",1
P002717,P002717_S001,Soviet Premier Nikita Khrushchev initially rejected Kennedy's proposal.,1
P002718,P002718_S000,"On October 2, 1997, it was reported that Khrushchev's son Sergei claimed Khrushchev was poised to accept Kennedy's proposal at the time of Kennedy's assassination on November 22, 1963.",1
P002718,P002718_S001,"During the next few weeks he reportedly concluded that both nations might realize cost benefits and technological gains from a joint venture, and decided to accept Kennedy's offer based on a measure of rapport during their years as leaders of the world's two superpowers, but changed his mind and dropped the idea since he did not have the same trust for Kennedy's successor, Lyndon Johnson.",1
P002719,P002719_S000,"As President, Johnson steadfastly pursued the Gemini and Apollo programs, promoting them as Kennedy's legacy to the American public.",1
P002719,P002719_S001,"One week after Kennedy's death, he issued an executive order renaming the Cape Canaveral and Apollo launch facilities after Kennedy.",1
P002720,P002720_S000,"Focused by the commitment to a Moon landing, in January 1962 the US announced Project Gemini, a two-man spacecraft that would support the later three-man Apollo by developing the key spaceflight technologies of space rendezvous and docking of two craft, flight durations of sufficient length to simulate going to the Moon and back, and extra-vehicular activity to accomplish useful work outside the spacecraft.",1
P002721,P002721_S000,"The greater advances of the Soviet space program at the time allowed their space program to achieve other significant firsts, including the first EVA ""spacewalk"" and the first mission performed by a crew in shirt-sleeves.",1
P002721,P002721_S001,"Gemini took a year longer than planned to accomplish its first flight, allowing the Soviets to achieve another first, launching Voskhod 1 on October 12, 1964, the first spacecraft with a three-cosmonaut crew.",1
P002721,P002721_S002,The USSR touted another technological achievement during this mission: it was the first space flight during which cosmonauts performed in a shirt-sleeve-environment.,0
P002721,P002721_S003,"However, flying without spacesuits was not due to safety improvements in the Soviet spacecraft's environmental systems; rather this innovation was accomplished because the craft's limited cabin space did not allow for spacesuits.",0
P002721,P002721_S004,Flying without spacesuits exposed the cosmonauts to significant risk in the event of potentially fatal cabin depressurization.,0
P002721,P002721_S005,This feat would not be repeated until the US Apollo Command Module flew in 1968; this later mission was designed from the outset to safely transport three astronauts in a shirt-sleeve environment while in space.,0
P002722,P002722_S000,"Between October 14–16, 1964, Leonid Brezhnev and a small cadre of high-ranking Communist Party officials, deposed Khrushchev as Soviet government leader a day after Voskhod 1 landed, in what was called the ""Wednesday conspiracy"".",1
P002722,P002722_S001,"The new political leaders, along with Korolev, ended the technologically troublesome Voskhod program, cancelling Voskhod 3 and 4, which were in the planning stages, and started concentrating on the race to the Moon.",1
P002722,P002722_S002,"Voskhod 2 would end up being Korolev's final achievement before his death on January 14, 1966, as it would become the last of the many space firsts that demonstrated the USSR's domination in spacecraft technology during the early 1960s.",1
P002722,P002722_S003,"According to historian Asif Siddiqi, Korolev's accomplishments marked ""the absolute zenith of the Soviet space program, one never, ever attained since.""",0
P002722,P002722_S004,"There would be a two-year pause in Soviet piloted space flights while Voskhod's replacement, the Soyuz spacecraft, was designed and developed.",0
P002723,P002723_S000,"On March 18, 1965, about a week before the first American piloted Project Gemini space flight, the USSR accelerated the competition, by launching the two-cosmonaut Voskhod 2 mission with Pavel Belyayev and Alexey Leonov.",1
P002723,P002723_S001,"Voskhod 2's design modifications included the addition of an inflatable airlock to allow for extravehicular activity (EVA), also known as a spacewalk, while keeping the cabin pressurized so that the capsule's electronics wouldn't overheat.",1
P002723,P002723_S002,Leonov performed the first-ever EVA as part of the mission.,0
P002723,P002723_S003,"A fatality was narrowly avoided when Leonov's spacesuit expanded in the vacuum of space, preventing him from re-entering the airlock.",0
P002723,P002723_S004,"In order to overcome this, he had to partially depressurize his spacesuit to a potentially dangerous level.",0
P002723,P002723_S005,"He succeeded in safely re-entering the ship, but he and Belyayev faced further challenges when the spacecraft's atmospheric controls flooded the cabin with 45% pure oxygen, which had to be lowered to acceptable levels before re-entry.",0
P002723,P002723_S006,"The reentry involved two more challenges: an improperly timed retrorocket firing caused the Voskhod 2 to land 386 kilometers (240 mi) off its designated target area, the town of Perm; and the instrument compartment's failure to detach from the descent apparatus caused the spacecraft to become unstable during reentry.",0
P002724,P002724_S000,Most of the novice pilots on the early missions would command the later missions.,1
P002724,P002724_S001,"In this way, Project Gemini built up spaceflight experience for the pool of astronauts who would be chosen to fly the Apollo lunar missions.",1
P002725,P002725_S000,"The circumlunar program (Zond), created by Vladimir Chelomey's design bureau OKB-52, was to fly two cosmonauts in a stripped-down Soyuz 7K-L1, launched by Chelomey's Proton UR-500 rocket.",1
P002725,P002725_S001,"The Zond sacrificed habitable cabin volume for equipment, by omitting the Soyuz orbital module.",0
P002725,P002725_S002,Chelomey gained favor with Khruschev by employing members of his family.,1
P002726,P002726_S000,"Korolev's lunar landing program was designated N1/L3, for its N1 superbooster and a more advanced Soyuz 7K-L3 spacecraft, also known as the lunar orbital module (""Lunniy Orbitalny Korabl"", LOK), with a crew of two.",1
P002726,P002726_S001,"A separate lunar lander (""Lunniy Korabl"", LK), would carry a single cosmonaut to the lunar surface.",1
P002727,P002727_S000,"The US and USSR began discussions on the peaceful uses of space as early as 1958, presenting issues for debate to the United Nations, which created a Committee on the Peaceful Uses of Outer Space in 1959.",1
P002728,P002728_S000,"On May 10, 1962, Vice President Johnson addressed the Second National Conference on the Peaceful Uses of Space revealing that the United States and the USSR both supported a resolution passed by the Political Committee of the UN General Assembly on December 1962, which not only urged member nations to ""extend the rules of international law to outer space,"" but to also cooperate in its exploration.",1
P002728,P002728_S001,"Following the passing of this resolution, Kennedy commenced his communications proposing a cooperative American/Soviet space program.",0
P002729,P002729_S000,"The UN ultimately created a Treaty on Principles Governing the Activities of States in the Exploration and Use of Outer Space, including the Moon and Other Celestial Bodies, which was signed by the United States, USSR, and the United Kingdom on January 27, 1967 and went into force the following October 10.",1
P002730,P002730_S000,"In 1967, both nations faced serious challenges that brought their programs to temporary halts.",1
P002730,P002730_S001,"Both had been rushing at full-speed toward the first piloted flights of Apollo and Soyuz, without paying due diligence to growing design and manufacturing problems.",1
P002730,P002730_S002,The results proved fatal to both pioneering crews.,0
P002731,P002731_S000,"On January 27, 1967, the same day the US and USSR signed the Outer Space Treaty, the crew of the first manned Apollo mission, Command Pilot Virgil ""Gus"" Grissom, Senior Pilot Edward H. White, and Pilot Roger Chaffee, were killed in a fire that swept through their spacecraft cabin during a ground test, less than a month before the planned February 21 launch.",1
P002731,P002731_S001,"An investigative board determined the fire was probably caused by an electrical spark, and quickly grew out of control, fed by the spacecraft's pure oxygen atmosphere.",0
P002731,P002731_S002,Crew escape was made impossible by inability to open the plug door hatch cover against the greater-than-atmospheric internal pressure.,0
P002731,P002731_S003,"The board also found design and construction flaws in the spacecraft, and procedural failings, including failure to appreciate the hazard of the pure-oxygen atmosphere, as well as inadequate safety procedures.",0
P002731,P002731_S004,All these flaws had to be corrected over the next twenty-two months until the first piloted flight could be made.,0
P002731,P002731_S005,"Mercury and Gemini veteran Grissom had been a favored choice of Deke Slayton, NASA's Director of Flight Crew Operations, to make the first piloted landing.",1
P002732,P002732_S000,"Meanwhile, the Soviet Union was having its own problems with Soyuz development.",0
P002732,P002732_S001,"Engineers reported 200 design faults to party leaders, but their concerns ""were overruled by political pressures for a series of space feats to mark the anniversary of Lenin's birthday.",1
P002732,P002732_S002,"""[citation needed] On April 24, 1967, the single pilot of Soyuz 1, Vladimir Komarov, became the first in-flight spaceflight fatality.",1
P002732,P002732_S003,"The mission was planned to be a three-day test, to include the first Soviet docking with an unpiloted Soyuz 2, but the mission was plagued with problems.",0
P002732,P002732_S004,"Early on, Komarov's craft lacked sufficient electrical power because only one of two solar panels had deployed.",0
P002732,P002732_S005,"Then the automatic attitude control system began malfunctioning and eventually failed completely, resulting in the craft spinning wildly.",0
P002732,P002732_S006,"Komarov was able to stop the spin with the manual system, which was only partially effective.",0
P002732,P002732_S007,The flight controllers aborted his mission after only one day.,0
P002732,P002732_S008,"During the emergency re-entry, a fault in the landing parachute system caused the primary chute to fail, and the reserve chute became tangled with the drogue chute; Komarov was killed on impact.",0
P002732,P002732_S009,Fixing the spacecraft faults caused an eighteen-month delay before piloted Soyuz flights could resume.,0
P002733,P002733_S000,"The United States recovered from the Apollo 1 fire, fixing the fatal flaws in an improved version of the Block II command module.",1
P002733,P002733_S001,The US proceeded with unpiloted test launches of the Saturn V launch vehicle (Apollo 4 and Apollo 6) and the Lunar Module (Apollo 5) during the latter half of 1967 and early 1968.,1
P002733,P002733_S002,"Apollo 1's mission to check out the Apollo Command/Service Module in Earth orbit was accomplished by Grissom's backup crew commanded by Walter Schirra on Apollo 7, launched on October 11, 1968.",1
P002733,P002733_S003,"The eleven-day mission was a total success, as the spacecraft performed a virtually flawless mission, paving the way for the United States to continue with its lunar mission schedule.",0
P002734,P002734_S000,"The Soviet Union also fixed the parachute and control problems with Soyuz, and the next piloted mission Soyuz 3 was launched on October 26, 1968.",1
P002734,P002734_S001,The goal was to complete Komarov's rendezvous and docking mission with the un-piloted Soyuz 2.,0
P002734,P002734_S002,"Ground controllers brought the two craft to within 200 meters (660 ft) of each other, then cosmonaut Georgy Beregovoy took control.",1
P002734,P002734_S003,"He got within 40 meters (130 ft) of his target, but was unable to dock before expending 90 percent of his maneuvering fuel, due to a piloting error that put his spacecraft into the wrong orientation and forced Soyuz 2 to automatically turn away from his approaching craft.",0
P002734,P002734_S004,The first docking of Soviet spacecraft was finally realised in January 1969 by the Soyuz 4 and Soyuz 5 missions.,0
P002734,P002734_S005,"It was the first-ever docking of two manned spacecraft, and the first transfer of crew from one space vehicle to another.",0
P002735,P002735_S000,"The Soviet Zond spacecraft was not yet ready for piloted circumlunar missions in 1968, after five unsuccessful and partially successful automated test launches: Cosmos 146 on March 10, 1967; Cosmos 154 on April 8, 1967; Zond 1967A September 27, 1967; Zond 1967B on November 22, 1967.",1
P002735,P002735_S001,"Zond 4 was launched on March 2, 1968, and successfully made a circumlunar flight.",1
P002735,P002735_S002,"After its successful flight around the Moon, Zond 4 encountered problems with its Earth reentry on March 9, and was ordered destroyed by an explosive charge 15,000 meters (49,000 ft) over the Gulf of Guinea.",1
P002735,P002735_S003,"The Soviet official announcement said that Zond 4 was an automated test flight which ended with its intentional destruction, due to its recovery trajectory positioning it over the Atlantic Ocean instead of over the USSR.",0
P002736,P002736_S000,"During the summer of 1968, the Apollo program hit another snag: the first pilot-rated Lunar Module (LM) was not ready for orbital tests in time for a December 1968 launch.",1
P002736,P002736_S001,"NASA planners overcame this challenge by changing the mission flight order, delaying the first LM flight until March 1969, and sending Apollo 8 into lunar orbit without the LM in December.",1
P002736,P002736_S002,This mission was in part motivated by intelligence rumors the Soviet Union might be ready for a piloted Zond flight during late 1968.,0
P002736,P002736_S003,"In September 1968, Zond 5 made a circumlunar flight with tortoises on board and returned to Earth, accomplishing the first successful water landing of the Soviet space program in the Indian Ocean.",1
P002736,P002736_S004,"It also scared NASA planners, as it took them several days to figure out that it was only an automated flight, not piloted, because voice recordings were transmitted from the craft en route to the Moon.",0
P002736,P002736_S005,"On November 10, 1968 another automated test flight, Zond 6 was launched, but this time encountered difficulties in its Earth reentry, and depressurized and deployed its parachute too early, causing it to crash-land only 16 kilometers (9.9 mi) from where it had been launched six days earlier.",0
P002736,P002736_S006,"It turned out there was no chance of a piloted Soviet circumlunar flight during 1968, due to the unreliability of the Zonds.",0
P002737,P002737_S000,"On December 21, 1968, Frank Borman, James Lovell, and William Anders became the first humans to ride the Saturn V rocket into space on Apollo 8.",1
P002737,P002737_S001,"They also became the first to leave low-Earth orbit and go to another celestial body, and entered lunar orbit on December 24.",0
P002737,P002737_S002,"They made ten orbits in twenty hours, and transmitted one of the most watched TV broadcasts in history, with their Christmas Eve program from lunar orbit, that concluded with a reading from the biblical Book of Genesis.",1
P002737,P002737_S003,"Two and a half hours after the broadcast, they fired their engine to perform the first trans-Earth injection to leave lunar orbit and return to the Earth.",0
P002737,P002737_S004,"Apollo 8 safely landed in the Pacific ocean on December 27, in NASA's first dawn splashdown and recovery.",0
P002738,P002738_S000,The American Lunar Module was finally ready for a successful piloted test flight in low Earth orbit on Apollo 9 in March 1969.,1
P002738,P002738_S001,"The next mission, Apollo 10, conducted a ""dress rehearsal"" for the first landing in May 1969, flying the LM in lunar orbit as close as 47,400 feet (14.4 km) above the surface, the point where the powered descent to the surface would begin.",1
P002738,P002738_S002,"With the LM proven to work well, the next step was to attempt the actual landing.",0
P002739,P002739_S000,"Unknown to the Americans, the Soviet Moon program was in deep trouble.",1
P002739,P002739_S001,"After two successive launch failures of the N1 rocket in 1969, Soviet plans for a piloted landing suffered delay.",1
P002739,P002739_S002,"The launch pad explosion of the N-1 on July 3, 1969 was a significant setback.",0
P002739,P002739_S003,"The rocket hit the pad after an engine shutdown, destroying itself and the launch facility.",0
P002739,P002739_S004,"Without the N-1 rocket, the USSR could not send a large enough payload to the Moon to land a human and return him safely.",0
P002740,P002740_S000,Apollo 11 was prepared with the goal of a July landing in the Sea of Tranquility.,1
P002740,P002740_S001,"The crew, selected in January 1969, consisted of commander (CDR) Neil Armstrong, Command Module Pilot (CMP) Michael Collins, and Lunar Module Pilot (LMP) Edwin ""Buzz"" Aldrin.",1
P002740,P002740_S002,They trained for the mission until just before the actual launch day.,0
P002740,P002740_S003,"On July 16, 1969, at exactly 9:32 am EDT, the Saturn V rocket, AS-506, lifted off from Kennedy Space Center Launch Complex 39 in Florida.",1
P002741,P002741_S000,The trip to the Moon took just over three days.,0
P002741,P002741_S001,"After achieving orbit, Armstrong and Aldrin transferred into the Lunar Module, named Eagle, and after a landing gear inspection by Collins remaining in the Command/Service Module Columbia, began their descent.",1
P002741,P002741_S002,"After overcoming several computer overload alarms caused by an antenna switch left in the wrong position, and a slight downrange error, Armstrong took over manual flight control at about 180 meters (590 ft), and guided the Lunar Module to a safe landing spot at 20:18:04 UTC, July 20, 1969 (3:17:04 pm CDT).",1
P002741,P002741_S003,The first humans on the Moon would wait another six hours before they ventured out of their craft.,0
P002741,P002741_S004,"At 02:56 UTC, July 21 (9:56 pm CDT July 20), Armstrong became the first human to set foot on the Moon.",1
P002742,P002742_S000,"The first step was witnessed by at least one-fifth of the population of Earth, or about 723 million people.",1
P002742,P002742_S001,"His first words when he stepped off the LM's landing footpad were, ""That's one small step for [a] man, one giant leap for mankind.""",0
P002742,P002742_S002,Aldrin joined him on the surface almost 20 minutes later.,0
P002742,P002742_S003,"Altogether, they spent just under two and one-quarter hours outside their craft.",0
P002742,P002742_S004,"The next day, they performed the first launch from another celestial body, and rendezvoused back with Columbia.",0
P002743,P002743_S000,"Apollo 11 left lunar orbit and returned to Earth, landing safely in the Pacific Ocean on July 24, 1969.",1
P002743,P002743_S001,"When the spacecraft splashed down, 2,982 days had passed since Kennedy's commitment to landing a man on the Moon and returning him safely to the Earth before the end of the decade; the mission was completed with 161 days to spare.",1
P002743,P002743_S002,"With the safe completion of the Apollo 11 mission, the Americans won the race to the Moon.",1
P002744,P002744_S000,"The first landing was followed by another, precision landing on Apollo 12 in November 1969.",1
P002744,P002744_S001,"NASA had achieved its first landing goal with enough Apollo spacecraft and Saturn V launchers left for eight follow-on lunar landings through Apollo 20, conducting extended-endurance missions and transporting the landing crews in Lunar Roving Vehicles on the last five.",1
P002744,P002744_S002,"They also planned an Apollo Applications Program to develop a longer-duration Earth orbital workshop (later named Skylab) to be constructed in orbit from a spent S-IVB upper stage, using several launches of the smaller Saturn IB launch vehicle.",1
P002744,P002744_S003,"But planners soon decided this could be done more efficiently by using the two live stages of a Saturn V to launch the workshop pre-fabricated from an S-IVB (which was also the Saturn V third stage), which immediately removed Apollo 20.",0
P002744,P002744_S004,"Belt-tightening budget cuts soon led NASA to cut Apollo 18 and 19 as well, but keep three extended/Lunar Rover missions.",0
P002744,P002744_S005,"Apollo 13 encountered an in-flight spacecraft failure and had to abort its lunar landing in April 1970, returning its crew safely but temporarily grounding the program again.",0
P002744,P002744_S006,"It resumed with four successful landings on Apollo 14 (February 1971), Apollo 15 (July 1971), Apollo 16 (April 1972), and Apollo 17 (December 1972).",0
P002745,P002745_S000,"Meanwhile, the USSR continued briefly trying to perfect their N1 rocket, finally canceling it in 1976, after two more launch failures in 1971 and 1972.",1
P002746,P002746_S000,"Having lost the race to the Moon, the USSR decided to concentrate on orbital space stations.",0
P002746,P002746_S001,"During 1969 and 1970, they launched six more Soyuz flights after Soyuz 3, then launched the first space station, the Salyut 1 laboratory designed by Kerim Kerimov, on April 19, 1971.",1
P002746,P002746_S002,"Three days later, the Soyuz 10 crew attempted to dock with it, but failed to achieve a secure enough connection to safely enter the station.",0
P002746,P002746_S003,"The Soyuz 11 crew of Vladislav Volkov, Georgi Dobrovolski and Viktor Patsayev successfully docked on June 7, and completed a record 22-day stay.",1
P002746,P002746_S004,The crew became the second in-flight space fatality during their reentry on June 30.,0
P002746,P002746_S005,"They were asphyxiated when their spacecraft's cabin lost all pressure, shortly after undocking.",0
P002746,P002746_S006,"The disaster was blamed on a faulty cabin pressure valve, that allowed all the air to vent into space.",0
P002746,P002746_S007,The crew was not wearing pressure suits and had no chance of survival once the leak occurred.,0
P002747,P002747_S000,"Salyut 1's orbit was increased to prevent premature reentry, but further piloted flights were delayed while the Soyuz was redesigned to fix the new safety problem.",1
P002747,P002747_S001,"The station re-entered the Earth's atmosphere on October 11, after 175 days in orbit.",0
P002747,P002747_S002,"The USSR attempted to launch a second Salyut-class station designated Durable Orbital Station-2 (DOS-2) on July 29, 1972, but a rocket failure caused it to fail to achieve orbit.",1
P002747,P002747_S003,"After the DOS-2 failure, the USSR attempted to launch four more Salyut-class stations through 1975, with another failure due to an explosion of the final rocket stage, which punctured the station with shrapnel so that it wouldn't hold pressure.",1
P002747,P002747_S004,"While all of the Salyuts were presented to the public as non-military scientific laboratories, some of them were actually covers for the military Almaz reconnaissance stations.",0
P002748,P002748_S000,"The United States launched the orbital workstation Skylab 1 on May 14, 1973.",1
P002748,P002748_S001,"It weighed 169,950 pounds (77,090 kg), was 58 feet (18 m) long by 21.7 feet (6.6 m) in diameter, with a habitable volume of 10,000 cubic feet (280 m3).",1
P002748,P002748_S002,"Skylab was damaged during the ascent to orbit, losing one of its solar panels and a meteoroid thermal shield.",0
P002748,P002748_S003,"Subsequent manned missions repaired the station, and the final mission's crew, Skylab 4, set the Space Race endurance record with 84 days in orbit when the mission ended on February 8, 1974.",1
P002748,P002748_S004,"Skylab stayed in orbit another five years before reentering the Earth's atmosphere over the Indian Ocean and Western Australia on July 11, 1979.",0
P002749,P002749_S000,"In May 1972, President Richard M. Nixon and Soviet Premier Leonid Brezhnev negotiated an easing of relations known as detente, creating a temporary ""thaw"" in the Cold War.",1
P002749,P002749_S001,"In the spirit of good sportsmanship, the time seemed right for cooperation rather than competition, and the notion of a continuing ""race"" began to subside.",1
