{
  "full_model": {
    "accuracy": 0.6600877192982456,
    "f1": 0.7403685092127303,
    "precision": 0.7727272727272727,
    "recall": 0.7106109324758842,
    "features": 26
  },
  "ablations": {
    "Top-10 Features": {
      "features": 10,
      "accuracy": 0.6557017543859649,
      "precision_ans": 0.7711267605633803,
      "recall_ans": 0.7041800643086816,
      "f1_ans": 0.7361344537815127,
      "macro_f1": 0.6204331574901254
    },
    "No Surprisal (Linguistic Only)": {
      "features": 14,
      "accuracy": 0.6557017543859649,
      "precision_ans": 0.775,
      "recall_ans": 0.6977491961414791,
      "f1_ans": 0.7343485617597293,
      "macro_f1": 0.6226259942755032
    }
  }
}